ISO-10303-21;
HEADER;
FILE_DESCRIPTION(('ViewDefinition [ReferenceView_V1.2]','ExchangeRequirement [Architecture]','Option [Elements to export: Selected elements only]','Option [Partial Structure Display: Entire Model]','Option [IFC Domain: All]','Option [Structural Function: All Elements]','Option [Convert Grid elements: On]','Option [Convert IFC Annotations and Archicad 2D elements: Off]','Option [Convert 2D symbols of Doors and Windows: Off]','Option [Export geometries that Participates in Collision Detection only: Off]','Option [Split complex elements: On]','Option [IFC Model position: Survey Point and Project Origin]','Option [Curtain Wall export mode: Single Element]','Option [Railing export mode: Single Element]','Option [Stair export mode: Single Element]','Option [Properties To Export: All properties]','Option [Space containment: On]','Option [IFC Domain For Space Containment: Custom]','Option [Geometry to type objects: Off]','Option [Element Properties: All]','Option [Building Material Properties: On]','Option [Element Parameters: All]','Option [Component Parameters: All]','Option [IFC Base Quantities: On]','Option [Door Window Parameters: On]','Option [IFC Space boundaries: On]','Option [Archicad Zone Categories as IFC Space classification data: On]','Option [Element Classifications: On]'),'2;1');
FILE_NAME('C:\\Users\\ga42qer\\Documents\\vscode\\phd-prototyp\\ifc-models\\Xh2-1-3-4.ifc','2026-03-04T10:18:45',('Architect'),('Building Designer Office'),'DDS_IFC v3.0','IFC file generated by Graphisoft Archicad 27.0.0 GER FULL Windows version (IFC add-on version: 3001 GER FULL).','The authorising person');
FILE_SCHEMA(('IFC4'));
ENDSEC;
DATA;
#15=IFCCONVERSIONBASEDUNIT(#65,.PLANEANGLEUNIT.,'DEGREE',#66);
#16=IFCCONVERSIONBASEDUNIT(#67,.SOLIDANGLEUNIT.,'SQUAREDEGREE',#68);
#14=IFCSIUNIT(*,.VOLUMEUNIT.,$,.CUBIC_METRE.);
#13=IFCSIUNIT(*,.AREAUNIT.,$,.SQUARE_METRE.);
#12=IFCSIUNIT(*,.LENGTHUNIT.,$,.METRE.);
#11=IFCGEOMETRICREPRESENTATIONSUBCONTEXT('Axis','Model',*,*,*,*,#3,$,.MODEL_VIEW.,$);
#10=IFCGEOMETRICREPRESENTATIONSUBCONTEXT('Body','Model',*,*,*,*,#3,$,.MODEL_VIEW.,$);
#9=IFCDIRECTION((0.,1.));
#8=IFCAXIS2PLACEMENT3D(#30,#31,#32);
#7=IFCAPPLICATION(#29,'27.0.0','Archicad','IFC add-on version: 3001 GER FULL');
#6=IFCPERSONANDORGANIZATION(#27,#28,$);
#5=IFCRELAGGREGATES('0Du7$nzQXCktKlPUTLFSAT',#2,$,$,#1,(#26));
#4=IFCUNITASSIGNMENT((#12,#13,#14,#15,#16,#17,#18,#19,#20,#21,#22,#23,#24,#25));
#3=IFCGEOMETRICREPRESENTATIONCONTEXT($,'Model',3,1.E-05,#8,#9);
#2=IFCOWNERHISTORY(#6,#7,$,.NOCHANGE.,$,$,$,1772615925);
#1=IFCPROJECT('344O7vICcwH8qAEnwJDjSU',#2,'Projekt',$,$,$,$,(#3),#4);
#17=IFCMONETARYUNIT('EUR');
#18=IFCCONVERSIONBASEDUNIT(#69,.TIMEUNIT.,'Year',#70);
#19=IFCSIUNIT(*,.MASSUNIT.,.KILO.,.GRAM.);
#20=IFCSIUNIT(*,.THERMODYNAMICTEMPERATUREUNIT.,$,.DEGREE_CELSIUS.);
#21=IFCSIUNIT(*,.LUMINOUSINTENSITYUNIT.,$,.LUMEN.);
#22=IFCSIUNIT(*,.ENERGYUNIT.,.MEGA.,.JOULE.);
#23=IFCDERIVEDUNIT((#71,#72,#73),.THERMALCONDUCTANCEUNIT.,$);
#24=IFCDERIVEDUNIT((#74,#75,#76),.SPECIFICHEATCAPACITYUNIT.,$);
#25=IFCDERIVEDUNIT((#77,#78),.MASSDENSITYUNIT.,$);
#26=IFCSITE('20FpTZCqJy2vhVJYtjuIce',#2,'Gel\X\E4nde',$,$,#79,$,$,.ELEMENT.,(52,31,0,0),(13,24,0,0),0.,$,$);
#27=IFCPERSON($,'Nicht definiert',$,$,$,$,$,$);
#28=IFCORGANIZATION($,'Nicht definiert',$,$,$);
#29=IFCORGANIZATION('GS','Graphisoft','Graphisoft',$,$);
#30=IFCCARTESIANPOINT((0.,0.,0.));
#31=IFCDIRECTION((0.,0.,1.));
#32=IFCDIRECTION((1.,0.,0.));
#33=IFCSHAPEREPRESENTATION(#10,'Body','Tessellation',(#82));
#34=IFCSHAPEREPRESENTATION(#10,'Body','Tessellation',(#85));
#35=IFCSHAPEREPRESENTATION(#10,'Body','Tessellation',(#87));
#36=IFCSHAPEREPRESENTATION(#10,'Body','Tessellation',(#89));
#37=IFCSHAPEREPRESENTATION(#10,'Body','Tessellation',(#91));
#38=IFCSHAPEREPRESENTATION(#10,'Body','Tessellation',(#93));
#39=IFCSHAPEREPRESENTATION(#10,'Body','Tessellation',(#95));
#40=IFCSHAPEREPRESENTATION(#10,'Body','Tessellation',(#97));
#41=IFCSHAPEREPRESENTATION(#10,'Body','Tessellation',(#99));
#42=IFCSHAPEREPRESENTATION(#10,'Body','Tessellation',(#101));
#43=IFCSHAPEREPRESENTATION(#10,'Body','Tessellation',(#103));
#44=IFCSHAPEREPRESENTATION(#10,'Body','Tessellation',(#105));
#45=IFCSHAPEREPRESENTATION(#10,'Body','Tessellation',(#107));
#46=IFCSHAPEREPRESENTATION(#10,'Body','Tessellation',(#109));
#47=IFCSHAPEREPRESENTATION(#10,'Body','Tessellation',(#111));
#48=IFCSHAPEREPRESENTATION(#10,'Body','Tessellation',(#113));
#49=IFCSHAPEREPRESENTATION(#10,'Body','Tessellation',(#115));
#50=IFCSHAPEREPRESENTATION(#10,'Body','Tessellation',(#117));
#51=IFCSHAPEREPRESENTATION(#10,'Body','Tessellation',(#119));
#52=IFCSHAPEREPRESENTATION(#10,'Body','Tessellation',(#121));
#53=IFCSHAPEREPRESENTATION(#10,'Body','Tessellation',(#123));
#54=IFCSHAPEREPRESENTATION(#10,'Body','Tessellation',(#125));
#55=IFCSHAPEREPRESENTATION(#10,'Body','Tessellation',(#127));
#56=IFCSHAPEREPRESENTATION(#10,'Body','Tessellation',(#129));
#57=IFCSHAPEREPRESENTATION(#10,'Body','Tessellation',(#131));
#58=IFCSHAPEREPRESENTATION(#10,'Body','Tessellation',(#133));
#59=IFCSHAPEREPRESENTATION(#10,'Body','Tessellation',(#135));
#60=IFCSHAPEREPRESENTATION(#10,'Body','Tessellation',(#137));
#61=IFCSHAPEREPRESENTATION(#10,'Body','Tessellation',(#139));
#62=IFCSHAPEREPRESENTATION(#10,'Body','Tessellation',(#141));
#63=IFCSHAPEREPRESENTATION(#11,'Axis','Curve2D',(#143));
#64=IFCSHAPEREPRESENTATION(#11,'Axis','Curve2D',(#145));
#65=IFCDIMENSIONALEXPONENTS(0,0,0,0,0,0,0);
#66=IFCMEASUREWITHUNIT(IFCPLANEANGLEMEASURE(0.0174532925199433),#147);
#67=IFCDIMENSIONALEXPONENTS(0,0,0,0,0,0,0);
#68=IFCMEASUREWITHUNIT(IFCPOSITIVELENGTHMEASURE(0.0003046174197867086),#148);
#69=IFCDIMENSIONALEXPONENTS(0,0,1,0,0,0,0);
#70=IFCMEASUREWITHUNIT(IFCTIMEMEASURE(31557600.),#149);
#71=IFCDERIVEDUNITELEMENT(#150,1);
#73=IFCDERIVEDUNITELEMENT(#152,-1);
#72=IFCDERIVEDUNITELEMENT(#151,-1);
#75=IFCDERIVEDUNITELEMENT(#154,-1);
#74=IFCDERIVEDUNITELEMENT(#153,1);
#77=IFCDERIVEDUNITELEMENT(#156,1);
#76=IFCDERIVEDUNITELEMENT(#155,-1);
#78=IFCDERIVEDUNITELEMENT(#157,-1);
#79=IFCLOCALPLACEMENT($,#158);
#80=IFCRELAGGREGATES('2b_h_mYcGArd6glJG2Fmbt',#2,$,$,#26,(#160));
#81=IFCRELDEFINESBYPROPERTIES('0pBGPALghvQfb7QG1ayJ2$',#2,$,$,(#26),#161);
#82=IFCPOLYGONALFACESET(#162,.T.,(#163,#164,#165,#166,#167,#168),$);
#83=IFCPRESENTATIONLAYERASSIGNMENT('dataholzLayer.IFC Modell',$,(#33,#34,#35,#36,#37,#38,#39,#40,#63,#41,#42,#43,#44,#45,#46,#47,#64,#48,#49,#50,#51,#52,#53,#54,#55,#56,#57,#58,#59,#60,#61,#62),$);
#84=IFCPRODUCTDEFINITIONSHAPE($,$,(#33));
#86=IFCPRODUCTDEFINITIONSHAPE($,$,(#34));
#85=IFCPOLYGONALFACESET(#172,.T.,(#173,#174,#175,#176,#177,#178),$);
#88=IFCPRODUCTDEFINITIONSHAPE($,$,(#35));
#87=IFCPOLYGONALFACESET(#182,.T.,(#183,#184,#185,#186,#187,#188),$);
#89=IFCPOLYGONALFACESET(#192,.T.,(#193,#194,#195,#196,#197,#198),$);
#90=IFCPRODUCTDEFINITIONSHAPE($,$,(#36));
#92=IFCPRODUCTDEFINITIONSHAPE($,$,(#37));
#91=IFCPOLYGONALFACESET(#202,.T.,(#203,#204,#205,#206,#207,#208),$);
#94=IFCPRODUCTDEFINITIONSHAPE($,$,(#38));
#93=IFCPOLYGONALFACESET(#212,.T.,(#213,#214,#215,#216,#217,#218),$);
#95=IFCPOLYGONALFACESET(#222,.T.,(#223,#224,#225,#226,#227,#228),$);
#96=IFCPRODUCTDEFINITIONSHAPE($,$,(#39));
#97=IFCPOLYGONALFACESET(#232,.T.,(#233,#234,#235,#236,#237,#238),$);
#98=IFCPRODUCTDEFINITIONSHAPE($,$,(#40));
#99=IFCPOLYGONALFACESET(#241,.T.,(#242,#243,#244,#245,#246,#247),$);
#100=IFCPRODUCTDEFINITIONSHAPE($,$,(#41));
#102=IFCPRODUCTDEFINITIONSHAPE($,$,(#42));
#101=IFCPOLYGONALFACESET(#250,.T.,(#251,#252,#253,#254,#255,#256),$);
#103=IFCPOLYGONALFACESET(#259,.T.,(#260,#261,#262,#263,#264,#265),$);
#104=IFCPRODUCTDEFINITIONSHAPE($,$,(#43));
#106=IFCPRODUCTDEFINITIONSHAPE($,$,(#44));
#105=IFCPOLYGONALFACESET(#269,.T.,(#270,#271,#272,#273,#274,#275),$);
#107=IFCPOLYGONALFACESET(#278,.T.,(#279,#280,#281,#282,#283,#284),$);
#108=IFCPRODUCTDEFINITIONSHAPE($,$,(#45));
#110=IFCPRODUCTDEFINITIONSHAPE($,$,(#46));
#109=IFCPOLYGONALFACESET(#287,.T.,(#288,#289,#290,#291,#292,#293),$);
#111=IFCPOLYGONALFACESET(#296,.T.,(#297,#298,#299,#300,#301,#302),$);
#112=IFCPRODUCTDEFINITIONSHAPE($,$,(#47));
#114=IFCPRODUCTDEFINITIONSHAPE($,$,(#48));
#113=IFCPOLYGONALFACESET(#306,.T.,(#307,#308,#309,#310,#311,#312),$);
#115=IFCPOLYGONALFACESET(#315,.T.,(#316,#317,#318,#319,#320,#321),$);
#116=IFCPRODUCTDEFINITIONSHAPE($,$,(#49));
#118=IFCPRODUCTDEFINITIONSHAPE($,$,(#50));
#117=IFCPOLYGONALFACESET(#324,.T.,(#325,#326,#327,#328,#329,#330),$);
#119=IFCPOLYGONALFACESET(#334,.T.,(#335,#336,#337,#338,#339,#340),$);
#120=IFCPRODUCTDEFINITIONSHAPE($,$,(#51));
#122=IFCPRODUCTDEFINITIONSHAPE($,$,(#52));
#121=IFCPOLYGONALFACESET(#343,.T.,(#344,#345,#346,#347,#348,#349),$);
#124=IFCPRODUCTDEFINITIONSHAPE($,$,(#53));
#123=IFCPOLYGONALFACESET(#352,.T.,(#353,#354,#355,#356,#357,#358),$);
#125=IFCPOLYGONALFACESET(#361,.T.,(#362,#363,#364,#365,#366,#367),$);
#126=IFCPRODUCTDEFINITIONSHAPE($,$,(#54));
#128=IFCPRODUCTDEFINITIONSHAPE($,$,(#55));
#127=IFCPOLYGONALFACESET(#371,.T.,(#372,#373,#374,#375,#376,#377),$);
#130=IFCPRODUCTDEFINITIONSHAPE($,$,(#56));
#129=IFCPOLYGONALFACESET(#381,.T.,(#382,#383,#384,#385,#386,#387),$);
#131=IFCPOLYGONALFACESET(#391,.T.,(#392,#393,#394,#395,#396,#397),$);
#132=IFCPRODUCTDEFINITIONSHAPE($,$,(#57));
#134=IFCPRODUCTDEFINITIONSHAPE($,$,(#58));
#133=IFCPOLYGONALFACESET(#401,.T.,(#402,#403,#404,#405,#406,#407),$);
#135=IFCPOLYGONALFACESET(#411,.T.,(#412,#413,#414,#415,#416,#417),$);
#136=IFCPRODUCTDEFINITIONSHAPE($,$,(#59));
#138=IFCPRODUCTDEFINITIONSHAPE($,$,(#60));
#137=IFCPOLYGONALFACESET(#421,.T.,(#422,#423,#424,#425,#426,#427),$);
#139=IFCPOLYGONALFACESET(#431,.T.,(#432,#433,#434,#435,#436,#437),$);
#140=IFCPRODUCTDEFINITIONSHAPE($,$,(#61));
#142=IFCPRODUCTDEFINITIONSHAPE($,$,(#62));
#141=IFCPOLYGONALFACESET(#441,.T.,(#442,#443,#444,#445,#446,#447),$);
#144=IFCPRODUCTDEFINITIONSHAPE($,$,(#63));
#143=IFCINDEXEDPOLYCURVE(#450,(IFCLINEINDEX((1,2))),$);
#145=IFCINDEXEDPOLYCURVE(#452,(IFCLINEINDEX((1,2))),$);
#146=IFCPRODUCTDEFINITIONSHAPE($,$,(#64));
#147=IFCSIUNIT(*,.PLANEANGLEUNIT.,$,.RADIAN.);
#148=IFCSIUNIT(*,.SOLIDANGLEUNIT.,$,.STERADIAN.);
#149=IFCSIUNIT(*,.TIMEUNIT.,$,.SECOND.);
#150=IFCSIUNIT(*,.POWERUNIT.,$,.WATT.);
#151=IFCSIUNIT(*,.LENGTHUNIT.,$,.METRE.);
#152=IFCSIUNIT(*,.THERMODYNAMICTEMPERATUREUNIT.,$,.KELVIN.);
#153=IFCSIUNIT(*,.ENERGYUNIT.,$,.JOULE.);
#154=IFCSIUNIT(*,.MASSUNIT.,.KILO.,.GRAM.);
#155=IFCSIUNIT(*,.THERMODYNAMICTEMPERATUREUNIT.,$,.KELVIN.);
#156=IFCSIUNIT(*,.MASSUNIT.,.KILO.,.GRAM.);
#157=IFCSIUNIT(*,.VOLUMEUNIT.,$,.CUBIC_METRE.);
#159=IFCLOCALPLACEMENT(#79,#457);
#158=IFCAXIS2PLACEMENT3D(#454,#455,#456);
#160=IFCBUILDING('00tMo7QcxqWdIGvc4sMN2A',#2,'Geb\X\E4ude',$,$,#159,$,$,.ELEMENT.,$,$,$);
#161=IFCELEMENTQUANTITY('3lQVKSZddSGI4fNX33_83_',#2,'Qto_SiteBaseQuantities',$,'Archicad BIM Base Quantities',(#461,#462));
#162=IFCCARTESIANPOINTLIST3D(((0.,-2.000000000000001,-0.06000000000000005),(0.,-2.000000000000001,0.),(0.,0.,0.),(0.,0.,-0.06000000000000005),(2.,-2.000000000000001,-0.06000000000000005),(2.,-2.000000000000001,0.),(2.,0.,0.),(2.,0.,-0.06000000000000005)));
#164=IFCINDEXEDPOLYGONALFACE((5,6,2,1));
#163=IFCINDEXEDPOLYGONALFACE((1,2,3,4));
#166=IFCINDEXEDPOLYGONALFACE((4,3,7,8));
#165=IFCINDEXEDPOLYGONALFACE((3,2,6,7));
#168=IFCINDEXEDPOLYGONALFACE((8,7,6,5));
#167=IFCINDEXEDPOLYGONALFACE((4,8,5,1));
#169=IFCSTYLEDITEM(#82,(#464),$);
#170=IFCINDEXEDCOLOURMAP(#82,1.,#465,(1,1,1,1,2,1));
#171=IFCBUILDINGELEMENTPART('0tWxNbzDsTWhRKOuENFlMY',#2,'Grau Default',$,$,#466,#84,$,.NOTDEFINED.);
#172=IFCCARTESIANPOINTLIST3D(((0.,-2.000000000000001,-0.06020000000000003),(0.,-2.000000000000001,-0.06000000000000005),(0.,0.,-0.06000000000000005),(0.,0.,-0.06020000000000003),(2.,-2.000000000000001,-0.06020000000000003),(2.,-2.000000000000001,-0.06000000000000005),(2.,0.,-0.06000000000000005),(2.,0.,-0.06020000000000003)));
#173=IFCINDEXEDPOLYGONALFACE((1,2,3,4));
#174=IFCINDEXEDPOLYGONALFACE((5,6,2,1));
#176=IFCINDEXEDPOLYGONALFACE((4,3,7,8));
#175=IFCINDEXEDPOLYGONALFACE((3,2,6,7));
#177=IFCINDEXEDPOLYGONALFACE((4,8,5,1));
#179=IFCSTYLEDITEM(#85,(#475),$);
#178=IFCINDEXEDPOLYGONALFACE((8,7,6,5));
#180=IFCINDEXEDCOLOURMAP(#85,1.,#476,(1,1,2,1,2,1));
#181=IFCBUILDINGELEMENTPART('1VEPwdw1yiRAXZzxHzkOf4',#2,'Grau Default',$,$,#477,#86,$,.NOTDEFINED.);
#182=IFCCARTESIANPOINTLIST3D(((0.,-2.000000000000001,-0.1002000000000001),(0.,-2.000000000000001,-0.06020000000000003),(0.,0.,-0.06020000000000003),(0.,0.,-0.1002000000000001),(2.,-2.000000000000001,-0.1002000000000001),(2.,-2.000000000000001,-0.06020000000000003),(2.,0.,-0.06020000000000003),(2.,0.,-0.1002000000000001)));
#184=IFCINDEXEDPOLYGONALFACE((5,6,2,1));
#183=IFCINDEXEDPOLYGONALFACE((1,2,3,4));
#185=IFCINDEXEDPOLYGONALFACE((3,2,6,7));
#187=IFCINDEXEDPOLYGONALFACE((4,8,5,1));
#186=IFCINDEXEDPOLYGONALFACE((4,3,7,8));
#188=IFCINDEXEDPOLYGONALFACE((8,7,6,5));
#189=IFCSTYLEDITEM(#87,(#484),$);
#190=IFCINDEXEDCOLOURMAP(#87,1.,#485,(1,1,2,1,2,1));
#191=IFCBUILDINGELEMENTPART('2CDeLmNWoTQ_GecUH9kkwL',#2,'Gelb Mineralwolle',$,$,#486,#88,$,.NOTDEFINED.);
#192=IFCCARTESIANPOINTLIST3D(((0.,-2.000000000000001,-0.1222000000000001),(0.,-2.000000000000001,-0.1002000000000001),(0.,0.,-0.1002000000000001),(0.,0.,-0.1222000000000001),(2.,-2.000000000000001,-0.1222000000000001),(2.,-2.000000000000001,-0.1002000000000001),(2.,0.,-0.1002000000000001),(2.,0.,-0.1222000000000001)));
#193=IFCINDEXEDPOLYGONALFACE((1,2,3,4));
#195=IFCINDEXEDPOLYGONALFACE((3,2,6,7));
#194=IFCINDEXEDPOLYGONALFACE((5,6,2,1));
#197=IFCINDEXEDPOLYGONALFACE((4,8,5,1));
#196=IFCINDEXEDPOLYGONALFACE((4,3,7,8));
#198=IFCINDEXEDPOLYGONALFACE((8,7,6,5));
#199=IFCSTYLEDITEM(#89,(#494),$);
#200=IFCINDEXEDCOLOURMAP(#89,1.,#495,(1,1,2,1,2,1));
#201=IFCBUILDINGELEMENTPART('3Dv$kX72AWzhOhPTNVYywz',#2,'Braun Holzwerkstoffe',$,$,#496,#90,$,.NOTDEFINED.);
#202=IFCCARTESIANPOINTLIST3D(((0.,-2.000000000000001,-0.3622000000000001),(0.,-2.000000000000001,-0.1222000000000001),(0.,0.,-0.1222000000000001),(0.,0.,-0.3622000000000001),(2.,-2.000000000000001,-0.3622000000000001),(2.,-2.000000000000001,-0.1222000000000001),(2.,0.,-0.1222000000000001),(2.,0.,-0.3622000000000001)));
#203=IFCINDEXEDPOLYGONALFACE((1,2,3,4));
#204=IFCINDEXEDPOLYGONALFACE((5,6,2,1));
#205=IFCINDEXEDPOLYGONALFACE((3,2,6,7));
#207=IFCINDEXEDPOLYGONALFACE((4,8,5,1));
#206=IFCINDEXEDPOLYGONALFACE((4,3,7,8));
#208=IFCINDEXEDPOLYGONALFACE((8,7,6,5));
#209=IFCSTYLEDITEM(#91,(#504),$);
#210=IFCINDEXEDCOLOURMAP(#91,1.,#505,(1,1,2,1,2,1));
#211=IFCBUILDINGELEMENTPART('2jpZwNbJbmQDl7gn$kpkfg',#2,'Braun Holz',$,$,#506,#92,$,.NOTDEFINED.);
#212=IFCCARTESIANPOINTLIST3D(((0.,-2.000000000000001,-0.3623999999999998),(0.,-2.000000000000001,-0.3621999999999999),(0.,0.,-0.3621999999999999),(0.,0.,-0.3623999999999998),(2.,-2.000000000000001,-0.3623999999999998),(2.,-2.000000000000001,-0.3621999999999999),(2.,0.,-0.3621999999999999),(2.,0.,-0.3623999999999998)));
#214=IFCINDEXEDPOLYGONALFACE((5,6,2,1));
#213=IFCINDEXEDPOLYGONALFACE((1,2,3,4));
#215=IFCINDEXEDPOLYGONALFACE((3,2,6,7));
#217=IFCINDEXEDPOLYGONALFACE((4,8,5,1));
#216=IFCINDEXEDPOLYGONALFACE((4,3,7,8));
#219=IFCSTYLEDITEM(#93,(#475),$);
#218=IFCINDEXEDPOLYGONALFACE((8,7,6,5));
#220=IFCINDEXEDCOLOURMAP(#93,1.,#514,(1,1,2,1,2,1));
#221=IFCBUILDINGELEMENTPART('2nZ9ikZJW82vejcKa8tXqM',#2,'Grau Default',$,$,#515,#94,$,.NOTDEFINED.);
#222=IFCCARTESIANPOINTLIST3D(((0.,-2.000000000000001,-0.3893999999999997),(0.,-2.000000000000001,-0.3623999999999998),(0.,0.,-0.3623999999999998),(0.,0.,-0.3893999999999997),(2.,-2.000000000000001,-0.3893999999999997),(2.,-2.000000000000001,-0.3623999999999998),(2.,0.,-0.3623999999999998),(2.,0.,-0.3893999999999997)));
#224=IFCINDEXEDPOLYGONALFACE((5,6,2,1));
#223=IFCINDEXEDPOLYGONALFACE((1,2,3,4));
#226=IFCINDEXEDPOLYGONALFACE((4,3,7,8));
#225=IFCINDEXEDPOLYGONALFACE((3,2,6,7));
#229=IFCSTYLEDITEM(#95,(#521),$);
#227=IFCINDEXEDPOLYGONALFACE((4,8,5,1));
#228=IFCINDEXEDPOLYGONALFACE((8,7,6,5));
#230=IFCINDEXEDCOLOURMAP(#95,1.,#523,(1,1,2,1,2,1));
#231=IFCBUILDINGELEMENTPART('1k4UuqNInt_nSZwcTl8tUC',#2,'Grau Blech/Abh\X\E4ngung',$,$,#524,#96,$,.NOTDEFINED.);
#233=IFCINDEXEDPOLYGONALFACE((1,2,3,4));
#234=IFCINDEXEDPOLYGONALFACE((1,5,6,2));
#232=IFCCARTESIANPOINTLIST3D(((0.,0.,-0.4018999999999999),(0.,-2.000000000000001,-0.4018999999999999),(0.,-2.000000000000001,-0.3894),(0.,0.,-0.3894),(2.,0.,-0.4018999999999999),(2.,-2.000000000000001,-0.4018999999999999),(2.,-2.000000000000001,-0.3894),(2.,0.,-0.3894)));
#235=IFCINDEXEDPOLYGONALFACE((2,6,7,3));
#236=IFCINDEXEDPOLYGONALFACE((4,3,7,8));
#237=IFCINDEXEDPOLYGONALFACE((5,1,4,8));
#238=IFCINDEXEDPOLYGONALFACE((6,5,8,7));
#239=IFCSTYLEDITEM(#97,(#464),$);
#240=IFCBUILDINGELEMENTPART('3BKy9e2kpy5$CXEu4gcYy0',#2,'Grau Gipsplatten',$,$,#528,#98,$,.NOTDEFINED.);
#243=IFCINDEXEDPOLYGONALFACE((1,5,6,2));
#242=IFCINDEXEDPOLYGONALFACE((1,2,3,4));
#245=IFCINDEXEDPOLYGONALFACE((4,3,7,8));
#244=IFCINDEXEDPOLYGONALFACE((2,6,7,3));
#247=IFCINDEXEDPOLYGONALFACE((6,5,8,7));
#246=IFCINDEXEDPOLYGONALFACE((5,1,4,8));
#248=IFCSTYLEDITEM(#99,(#504),$);
#249=IFCBUILDINGELEMENTPART('15ZgBMkoU52iET38YfQz$L',#2,'Braun Holz',$,$,#532,#100,$,.NOTDEFINED.);
#241=IFCCARTESIANPOINTLIST3D(((2.,0.2757499999999999,0.),(2.,0.2517499999999999,0.),(0.,0.25175,0.),(0.,0.2757500000000001,0.),(2.,0.2757500000000001,1.5),(2.,0.25175,1.5),(0.,0.2517500000000001,1.5),(0.,0.2757500000000002,1.5)));
#251=IFCINDEXEDPOLYGONALFACE((1,2,3,4));
#252=IFCINDEXEDPOLYGONALFACE((1,5,6,2));
#250=IFCCARTESIANPOINTLIST3D(((2.,0.2517499999999999,0.),(2.,0.2217499999999999,0.),(0.,0.2217500000000001,0.),(0.,0.25175,0.),(2.,0.25175,1.5),(2.,0.22175,1.5),(0.,0.2217500000000001,1.5),(0.,0.2517500000000001,1.5)));
#254=IFCINDEXEDPOLYGONALFACE((4,3,7,8));
#253=IFCINDEXEDPOLYGONALFACE((2,6,7,3));
#257=IFCSTYLEDITEM(#101,(#504),$);
#255=IFCINDEXEDPOLYGONALFACE((5,1,4,8));
#256=IFCINDEXEDPOLYGONALFACE((6,5,8,7));
#258=IFCBUILDINGELEMENTPART('1qb67FZN0MtcBx26_48GhP',#2,'Braun Holz',$,$,#536,#102,$,.NOTDEFINED.);
#260=IFCINDEXEDPOLYGONALFACE((1,2,3,4));
#261=IFCINDEXEDPOLYGONALFACE((1,5,6,2));
#262=IFCINDEXEDPOLYGONALFACE((2,6,7,3));
#259=IFCCARTESIANPOINTLIST3D(((2.,0.2217499999999999,0.),(2.,0.20675,0.),(0.,0.20675,0.),(0.,0.2217500000000001,0.),(2.,0.22175,1.5),(2.,0.20675,1.5),(0.,0.2067500000000001,1.5),(0.,0.2217500000000001,1.5)));
#269=IFCCARTESIANPOINTLIST3D(((2.,0.20675,0.),(2.,-0.09325000000000006,0.),(0.,-0.09324999999999983,0.),(0.,0.20675,0.),(2.,0.20675,1.5),(2.,-0.09324999999999983,1.5),(0.,-0.09324999999999983,1.5),(0.,0.2067500000000001,1.5)));
#277=IFCBUILDINGELEMENTPART('17uhFrQzGcyGz2NhEIk1IV',#2,'Braun Holz',$,$,#547,#106,$,.NOTDEFINED.);
#276=IFCSTYLEDITEM(#105,(#504),$);
#275=IFCINDEXEDPOLYGONALFACE((6,5,8,7));
#274=IFCINDEXEDPOLYGONALFACE((5,1,4,8));
#273=IFCINDEXEDPOLYGONALFACE((4,3,7,8));
#272=IFCINDEXEDPOLYGONALFACE((2,6,7,3));
#279=IFCINDEXEDPOLYGONALFACE((1,2,3,4));
#271=IFCINDEXEDPOLYGONALFACE((1,5,6,2));
#270=IFCINDEXEDPOLYGONALFACE((1,2,3,4));
#268=IFCBUILDINGELEMENTPART('21sT436IjLpR7eXql2YC1T',#2,'Braun Holzwerkstoffe',$,$,#544,#104,$,.NOTDEFINED.);
#267=IFCINDEXEDCOLOURMAP(#103,1.,#543,(1,1,2,1,2,1));
#266=IFCSTYLEDITEM(#103,(#494),$);
#264=IFCINDEXEDPOLYGONALFACE((5,1,4,8));
#265=IFCINDEXEDPOLYGONALFACE((6,5,8,7));
#263=IFCINDEXEDPOLYGONALFACE((4,3,7,8));
#278=IFCCARTESIANPOINTLIST3D(((2.,-0.09325000000000006,0.),(2.,-0.1932500000000001,0.),(0.,-0.1932499999999999,0.),(0.,-0.09324999999999983,0.),(2.,-0.09325000000000006,1.5),(2.,-0.1932499999999999,1.5),(0.,-0.1932499999999999,1.5),(0.,-0.09324999999999983,1.5)));
#280=IFCINDEXEDPOLYGONALFACE((1,5,6,2));
#282=IFCINDEXEDPOLYGONALFACE((4,3,7,8));
#281=IFCINDEXEDPOLYGONALFACE((2,6,7,3));
#284=IFCINDEXEDPOLYGONALFACE((6,5,8,7));
#283=IFCINDEXEDPOLYGONALFACE((5,1,4,8));
#285=IFCSTYLEDITEM(#107,(#504),$);
#286=IFCBUILDINGELEMENTPART('0$Ibn9SQvY7tSgLOEM5ao5',#2,'Braun Holz',$,$,#550,#108,$,.NOTDEFINED.);
#288=IFCINDEXEDPOLYGONALFACE((1,2,3,4));
#289=IFCINDEXEDPOLYGONALFACE((1,5,6,2));
#290=IFCINDEXEDPOLYGONALFACE((2,6,7,3));
#292=IFCINDEXEDPOLYGONALFACE((5,1,4,8));
#291=IFCINDEXEDPOLYGONALFACE((4,3,7,8));
#293=IFCINDEXEDPOLYGONALFACE((6,5,8,7));
#294=IFCSTYLEDITEM(#109,(#504),$);
#287=IFCCARTESIANPOINTLIST3D(((2.,-0.1932500000000001,0.),(2.,-0.26325,0.),(0.,-0.26325,0.),(0.,-0.1932499999999999,0.),(2.,-0.1932499999999999,1.5),(2.,-0.26325,1.5),(0.,-0.2632499999999998,1.5),(0.,-0.1932499999999999,1.5)));
#295=IFCBUILDINGELEMENTPART('1M86gh9uRY8JLPsljq$zHR',#2,'Braun Holz',$,$,#553,#110,$,.NOTDEFINED.);
#297=IFCINDEXEDPOLYGONALFACE((1,2,3,4));
#299=IFCINDEXEDPOLYGONALFACE((2,6,7,3));
#298=IFCINDEXEDPOLYGONALFACE((1,5,6,2));
#300=IFCINDEXEDPOLYGONALFACE((4,3,7,8));
#301=IFCINDEXEDPOLYGONALFACE((5,1,4,8));
#303=IFCSTYLEDITEM(#111,(#504),$);
#302=IFCINDEXEDPOLYGONALFACE((6,5,8,7));
#304=IFCINDEXEDCOLOURMAP(#111,1.,#557,(1,1,1,1,2,1));
#296=IFCCARTESIANPOINTLIST3D(((2.,-0.26325,0.),(2.,-0.2757500000000002,0.),(0.,-0.2757499999999999,0.),(0.,-0.26325,0.),(2.,-0.26325,1.5),(2.,-0.2757499999999999,1.5),(0.,-0.2757499999999997,1.5),(0.,-0.2632499999999998,1.5)));
#305=IFCBUILDINGELEMENTPART('3Va1kahhOE_PX09I88GryC',#2,'Grau Gipsplatten',$,$,#558,#112,$,.NOTDEFINED.);
#307=IFCINDEXEDPOLYGONALFACE((1,2,3,4));
#308=IFCINDEXEDPOLYGONALFACE((1,5,6,2));
#309=IFCINDEXEDPOLYGONALFACE((2,6,7,3));
#311=IFCINDEXEDPOLYGONALFACE((5,1,4,8));
#310=IFCINDEXEDPOLYGONALFACE((4,3,7,8));
#312=IFCINDEXEDPOLYGONALFACE((6,5,8,7));
#313=IFCSTYLEDITEM(#113,(#504),$);
#306=IFCCARTESIANPOINTLIST3D(((2.,0.2757499999999998,0.),(2.,0.2517499999999998,0.),(0.,0.2517499999999999,0.),(0.,0.2757499999999999,0.),(2.,0.2757499999999999,1.531866277616243),(2.,0.2517499999999999,1.531866277616243),(0.,0.25175,1.531866277616243),(0.,0.2757500000000001,1.531866277616243)));
#314=IFCBUILDINGELEMENTPART('3CH5ti_$vUFrmZgxLtY4FH',#2,'Braun Holz',$,$,#561,#114,$,.NOTDEFINED.);
#316=IFCINDEXEDPOLYGONALFACE((1,2,3,4));
#317=IFCINDEXEDPOLYGONALFACE((1,5,6,2));
#318=IFCINDEXEDPOLYGONALFACE((2,6,7,3));
#319=IFCINDEXEDPOLYGONALFACE((4,3,7,8));
#321=IFCINDEXEDPOLYGONALFACE((6,5,8,7));
#320=IFCINDEXEDPOLYGONALFACE((5,1,4,8));
#322=IFCSTYLEDITEM(#115,(#504),$);
#323=IFCBUILDINGELEMENTPART('2EArIAbKwchu4FeVsZp8Yb',#2,'Braun Holz',$,$,#565,#116,$,.NOTDEFINED.);
#315=IFCCARTESIANPOINTLIST3D(((2.,0.2517499999999998,0.),(2.,0.2217499999999998,0.),(0.,0.22175,0.),(0.,0.2517499999999999,0.),(2.,0.2517499999999999,1.531866277616243),(2.,0.2217499999999999,1.531866277616243),(0.,0.22175,1.531866277616243),(0.,0.25175,1.531866277616243)));
#325=IFCINDEXEDPOLYGONALFACE((1,2,3,4));
#326=IFCINDEXEDPOLYGONALFACE((1,5,6,2));
#327=IFCINDEXEDPOLYGONALFACE((2,6,7,3));
#328=IFCINDEXEDPOLYGONALFACE((4,3,7,8));
#329=IFCINDEXEDPOLYGONALFACE((5,1,4,8));
#324=IFCCARTESIANPOINTLIST3D(((2.,0.2217499999999998,0.),(2.,0.2067499999999999,0.),(0.,0.2067499999999999,0.),(0.,0.22175,0.),(2.,0.2217499999999999,1.531866277616243),(2.,0.2067499999999999,1.531866277616243),(0.,0.20675,1.531866277616243),(0.,0.22175,1.531866277616243)));
#330=IFCINDEXEDPOLYGONALFACE((6,5,8,7));
#331=IFCSTYLEDITEM(#117,(#494),$);
#332=IFCINDEXEDCOLOURMAP(#117,1.,#572,(1,1,2,1,2,1));
#333=IFCBUILDINGELEMENTPART('2_HfgkbyiVQ1rwwqXRIWsu',#2,'Braun Holzwerkstoffe',$,$,#573,#118,$,.NOTDEFINED.);
#335=IFCINDEXEDPOLYGONALFACE((1,2,3,4));
#336=IFCINDEXEDPOLYGONALFACE((1,5,6,2));
#337=IFCINDEXEDPOLYGONALFACE((2,6,7,3));
#338=IFCINDEXEDPOLYGONALFACE((4,3,7,8));
#340=IFCINDEXEDPOLYGONALFACE((6,5,8,7));
#339=IFCINDEXEDPOLYGONALFACE((5,1,4,8));
#341=IFCSTYLEDITEM(#119,(#504),$);
#334=IFCCARTESIANPOINTLIST3D(((2.,0.2067499999999999,0.),(2.,-0.09325000000000017,0.),(0.,-0.09324999999999994,0.),(0.,0.2067499999999999,0.),(2.,0.2067499999999999,1.531866277616243),(2.,-0.09324999999999994,1.531866277616243),(0.,-0.09324999999999994,1.531866277616243),(0.,0.20675,1.531866277616243)));
#342=IFCBUILDINGELEMENTPART('0H8Bm9mAl4FlCLYi9TdJYA',#2,'Braun Holz',$,$,#576,#120,$,.NOTDEFINED.);
#344=IFCINDEXEDPOLYGONALFACE((1,2,3,4));
#346=IFCINDEXEDPOLYGONALFACE((2,6,7,3));
#345=IFCINDEXEDPOLYGONALFACE((1,5,6,2));
#347=IFCINDEXEDPOLYGONALFACE((4,3,7,8));
#348=IFCINDEXEDPOLYGONALFACE((5,1,4,8));
#350=IFCSTYLEDITEM(#121,(#504),$);
#349=IFCINDEXEDPOLYGONALFACE((6,5,8,7));
#343=IFCCARTESIANPOINTLIST3D(((2.,-0.09325000000000017,0.),(2.,-0.1932500000000003,0.),(0.,-0.19325,0.),(0.,-0.09324999999999994,0.),(2.,-0.09325000000000017,1.531866277616243),(2.,-0.19325,1.531866277616243),(0.,-0.19325,1.531866277616243),(0.,-0.09324999999999994,1.531866277616243)));
#351=IFCBUILDINGELEMENTPART('3e2rlP_Yu_dgiBScW93bNN',#2,'Braun Holz',$,$,#579,#122,$,.NOTDEFINED.);
#354=IFCINDEXEDPOLYGONALFACE((1,5,6,2));
#355=IFCINDEXEDPOLYGONALFACE((2,6,7,3));
#358=IFCINDEXEDPOLYGONALFACE((6,5,8,7));
#357=IFCINDEXEDPOLYGONALFACE((5,1,4,8));
#353=IFCINDEXEDPOLYGONALFACE((1,2,3,4));
#356=IFCINDEXEDPOLYGONALFACE((4,3,7,8));
#359=IFCSTYLEDITEM(#123,(#504),$);
#352=IFCCARTESIANPOINTLIST3D(((2.,-0.1932500000000003,0.),(2.,-0.2632500000000001,0.),(0.,-0.2632500000000001,0.),(0.,-0.19325,0.),(2.,-0.19325,1.531866277616243),(2.,-0.2632500000000001,1.531866277616243),(0.,-0.2632499999999999,1.531866277616243),(0.,-0.19325,1.531866277616243)));
#362=IFCINDEXEDPOLYGONALFACE((1,2,3,4));
#363=IFCINDEXEDPOLYGONALFACE((1,5,6,2));
#360=IFCBUILDINGELEMENTPART('2d7O2eYABx5_zbbKaO8E6A',#2,'Braun Holz',$,$,#582,#124,$,.NOTDEFINED.);
#365=IFCINDEXEDPOLYGONALFACE((4,3,7,8));
#364=IFCINDEXEDPOLYGONALFACE((2,6,7,3));
#366=IFCINDEXEDPOLYGONALFACE((5,1,4,8));
#367=IFCINDEXEDPOLYGONALFACE((6,5,8,7));
#368=IFCSTYLEDITEM(#125,(#504),$);
#361=IFCCARTESIANPOINTLIST3D(((2.,-0.2632500000000001,0.),(2.,-0.2757500000000003,0.),(0.,-0.2757500000000001,0.),(0.,-0.2632500000000001,0.),(2.,-0.2632500000000001,1.531866277616243),(2.,-0.2757500000000001,1.531866277616243),(0.,-0.2757499999999998,1.531866277616243),(0.,-0.2632499999999999,1.531866277616243)));
#369=IFCINDEXEDCOLOURMAP(#125,1.,#587,(1,1,1,1,2,1));
#370=IFCBUILDINGELEMENTPART('17s1PR2ZD7RJKBcQAcFSGq',#2,'Grau Gipsplatten',$,$,#586,#126,$,.NOTDEFINED.);
#372=IFCINDEXEDPOLYGONALFACE((1,2,3,4));
#373=IFCINDEXEDPOLYGONALFACE((5,6,2,1));
#375=IFCINDEXEDPOLYGONALFACE((4,3,7,8));
#374=IFCINDEXEDPOLYGONALFACE((3,2,6,7));
#377=IFCINDEXEDPOLYGONALFACE((8,7,6,5));
#376=IFCINDEXEDPOLYGONALFACE((4,8,5,1));
#378=IFCSTYLEDITEM(#127,(#464),$);
#379=IFCINDEXEDCOLOURMAP(#127,1.,#591,(1,1,1,1,2,1));
#371=IFCCARTESIANPOINTLIST3D(((0.,-2.,-0.06000000000000005),(0.,-2.,0.),(0.,0.,0.),(0.,0.,-0.06000000000000005),(2.,-2.,-0.06000000000000005),(2.,-2.,0.),(2.,0.,0.),(2.,0.,-0.06000000000000005)));
#382=IFCINDEXEDPOLYGONALFACE((1,2,3,4));
#380=IFCBUILDINGELEMENTPART('0ycqaj7IbfVQTWiRiwc7aP',#2,'Grau Default',$,$,#592,#128,$,.NOTDEFINED.);
#384=IFCINDEXEDPOLYGONALFACE((3,2,6,7));
#383=IFCINDEXEDPOLYGONALFACE((5,6,2,1));
#385=IFCINDEXEDPOLYGONALFACE((4,3,7,8));
#386=IFCINDEXEDPOLYGONALFACE((4,8,5,1));
#381=IFCCARTESIANPOINTLIST3D(((0.,-2.,-0.06020000000000003),(0.,-2.,-0.06000000000000005),(0.,0.,-0.06000000000000005),(0.,0.,-0.06020000000000003),(2.,-2.,-0.06020000000000003),(2.,-2.,-0.06000000000000005),(2.,0.,-0.06000000000000005),(2.,0.,-0.06020000000000003)));
#388=IFCSTYLEDITEM(#129,(#475),$);
#387=IFCINDEXEDPOLYGONALFACE((8,7,6,5));
#389=IFCINDEXEDCOLOURMAP(#129,1.,#601,(1,1,2,1,2,1));
#392=IFCINDEXEDPOLYGONALFACE((1,2,3,4));
#390=IFCBUILDINGELEMENTPART('3dcHMWphx3jRKg9dmM8_t1',#2,'Grau Default',$,$,#600,#130,$,.NOTDEFINED.);
#394=IFCINDEXEDPOLYGONALFACE((3,2,6,7));
#396=IFCINDEXEDPOLYGONALFACE((4,8,5,1));
#395=IFCINDEXEDPOLYGONALFACE((4,3,7,8));
#393=IFCINDEXEDPOLYGONALFACE((5,6,2,1));
#398=IFCSTYLEDITEM(#131,(#484),$);
#391=IFCCARTESIANPOINTLIST3D(((0.,-2.,-0.1002000000000001),(0.,-2.,-0.06020000000000003),(0.,0.,-0.06020000000000003),(0.,0.,-0.1002000000000001),(2.,-2.,-0.1002000000000001),(2.,-2.,-0.06020000000000003),(2.,0.,-0.06020000000000003),(2.,0.,-0.1002000000000001)));
#397=IFCINDEXEDPOLYGONALFACE((8,7,6,5));
#399=IFCINDEXEDCOLOURMAP(#131,1.,#608,(1,1,2,1,2,1));
#402=IFCINDEXEDPOLYGONALFACE((1,2,3,4));
#403=IFCINDEXEDPOLYGONALFACE((5,6,2,1));
#400=IFCBUILDINGELEMENTPART('2QY2ClzQs0eD0uLXR4eCUg',#2,'Gelb Mineralwolle',$,$,#610,#132,$,.NOTDEFINED.);
#406=IFCINDEXEDPOLYGONALFACE((4,8,5,1));
#404=IFCINDEXEDPOLYGONALFACE((3,2,6,7));
#405=IFCINDEXEDPOLYGONALFACE((4,3,7,8));
#407=IFCINDEXEDPOLYGONALFACE((8,7,6,5));
#408=IFCSTYLEDITEM(#133,(#494),$);
#401=IFCCARTESIANPOINTLIST3D(((0.,-2.,-0.1222000000000001),(0.,-2.,-0.1002000000000001),(0.,0.,-0.1002000000000001),(0.,0.,-0.1222000000000001),(2.,-2.,-0.1222000000000001),(2.,-2.,-0.1002000000000001),(2.,0.,-0.1002000000000001),(2.,0.,-0.1222000000000001)));
#409=IFCINDEXEDCOLOURMAP(#133,1.,#616,(1,1,2,1,2,1));
#410=IFCBUILDINGELEMENTPART('1qEF13qRScQcF3aIpSsbjF',#2,'Braun Holzwerkstoffe',$,$,#617,#134,$,.NOTDEFINED.);
#412=IFCINDEXEDPOLYGONALFACE((1,2,3,4));
#413=IFCINDEXEDPOLYGONALFACE((5,6,2,1));
#414=IFCINDEXEDPOLYGONALFACE((3,2,6,7));
#417=IFCINDEXEDPOLYGONALFACE((8,7,6,5));
#416=IFCINDEXEDPOLYGONALFACE((4,8,5,1));
#415=IFCINDEXEDPOLYGONALFACE((4,3,7,8));
#418=IFCSTYLEDITEM(#135,(#504),$);
#419=IFCINDEXEDCOLOURMAP(#135,1.,#624,(1,1,2,1,2,1));
#411=IFCCARTESIANPOINTLIST3D(((0.,-2.,-0.3622000000000001),(0.,-2.,-0.1222000000000001),(0.,0.,-0.1222000000000001),(0.,0.,-0.3622000000000001),(2.,-2.,-0.3622000000000001),(2.,-2.,-0.1222000000000001),(2.,0.,-0.1222000000000001),(2.,0.,-0.3622000000000001)));
#422=IFCINDEXEDPOLYGONALFACE((1,2,3,4));
#423=IFCINDEXEDPOLYGONALFACE((5,6,2,1));
#424=IFCINDEXEDPOLYGONALFACE((3,2,6,7));
#420=IFCBUILDINGELEMENTPART('3Lrqov6eddpEBnfoQxC6PV',#2,'Braun Holz',$,$,#625,#136,$,.NOTDEFINED.);
#425=IFCINDEXEDPOLYGONALFACE((4,3,7,8));
#426=IFCINDEXEDPOLYGONALFACE((4,8,5,1));
#427=IFCINDEXEDPOLYGONALFACE((8,7,6,5));
#428=IFCSTYLEDITEM(#137,(#475),$);
#429=IFCINDEXEDCOLOURMAP(#137,1.,#632,(1,1,2,1,2,1));
#421=IFCCARTESIANPOINTLIST3D(((0.,-2.,-0.3623999999999998),(0.,-2.,-0.3621999999999999),(0.,0.,-0.3621999999999999),(0.,0.,-0.3623999999999998),(2.,-2.,-0.3623999999999998),(2.,-2.,-0.3621999999999999),(2.,0.,-0.3621999999999999),(2.,0.,-0.3623999999999998)));
#430=IFCBUILDINGELEMENTPART('1RDIOWZV6z8iYm3hXAsE1W',#2,'Grau Default',$,$,#633,#138,$,.NOTDEFINED.);
#432=IFCINDEXEDPOLYGONALFACE((1,2,3,4));
#433=IFCINDEXEDPOLYGONALFACE((5,6,2,1));
#434=IFCINDEXEDPOLYGONALFACE((3,2,6,7));
#436=IFCINDEXEDPOLYGONALFACE((4,8,5,1));
#435=IFCINDEXEDPOLYGONALFACE((4,3,7,8));
#437=IFCINDEXEDPOLYGONALFACE((8,7,6,5));
#438=IFCSTYLEDITEM(#139,(#521),$);
#439=IFCINDEXEDCOLOURMAP(#139,1.,#640,(1,1,2,1,2,1));
#431=IFCCARTESIANPOINTLIST3D(((0.,-2.,-0.3893999999999997),(0.,-2.,-0.3623999999999998),(0.,0.,-0.3623999999999998),(0.,0.,-0.3893999999999997),(2.,-2.,-0.3893999999999997),(2.,-2.,-0.3623999999999998),(2.,0.,-0.3623999999999998),(2.,0.,-0.3893999999999997)));
#440=IFCBUILDINGELEMENTPART('3TddKBAnv6t3aXRPUkt_bq',#2,'Grau Blech/Abh\X\E4ngung',$,$,#641,#140,$,.NOTDEFINED.);
#443=IFCINDEXEDPOLYGONALFACE((1,5,6,2));
#442=IFCINDEXEDPOLYGONALFACE((1,2,3,4));
#444=IFCINDEXEDPOLYGONALFACE((2,6,7,3));
#446=IFCINDEXEDPOLYGONALFACE((5,1,4,8));
#445=IFCINDEXEDPOLYGONALFACE((4,3,7,8));
#447=IFCINDEXEDPOLYGONALFACE((6,5,8,7));
#448=IFCSTYLEDITEM(#141,(#464),$);
#450=IFCCARTESIANPOINTLIST2D(((0.,0.),(2.,0.)));
#449=IFCBUILDINGELEMENTPART('038s86A0ejHdE0vG$KDveC',#2,'Grau Gipsplatten',$,$,#644,#142,$,.NOTDEFINED.);
#452=IFCCARTESIANPOINTLIST2D(((0.,0.),(2.,0.)));
#441=IFCCARTESIANPOINTLIST3D(((0.,0.,-0.4018999999999999),(0.,-2.,-0.4018999999999999),(0.,-2.,-0.3894),(0.,0.,-0.3894),(2.,0.,-0.4018999999999999),(2.,-2.,-0.4018999999999999),(2.,-2.,-0.3894),(2.,0.,-0.3894)));
#451=IFCWALL('1oWY7r8nj5CuyI3Y1i$zj3',#2,'WandInstanz',$,$,#647,#144,'316636',.NOTDEFINED.);
#454=IFCCARTESIANPOINT((0.,0.,0.));
#455=IFCDIRECTION((0.,0.,1.));
#456=IFCDIRECTION((1.,0.,0.));
#453=IFCWALL('1dPf6VIOX2U9vjE16upqAe',#2,'WandInstanz',$,$,#657,#146,'317630',.NOTDEFINED.);
#457=IFCAXIS2PLACEMENT3D(#658,#665,#666);
#458=IFCLOCALPLACEMENT(#159,#667);
#459=IFCRELAGGREGATES('118jwqMnuwK1xuf97w7fU5',#2,$,$,#160,(#668));
#460=IFCRELDEFINESBYPROPERTIES('1$_EH$3FH5bPdJZHFETtiq',#2,$,$,(#160),#671);
#462=IFCQUANTITYAREA('GrossArea',$,$,0.,$);
#463=IFCSTYLEDITEM(#167,(#475),$);
#461=IFCQUANTITYLENGTH('GrossPerimeter',$,$,0.,$);
#466=IFCLOCALPLACEMENT(#669,#672);
#465=IFCCOLOURRGBLIST(((0.7529411764705882,0.7529411764705882,0.7529411764705882),(0.9411764705882353,0.9411764705882353,0.9411764705882353)));
#464=IFCSURFACESTYLE('Grau Gipsplatten',.BOTH.,(#673));
#469=IFCRELDEFINESBYPROPERTIES('21SDdTP9cuaw9DfQdrj8ir',#2,$,$,(#171),#675);
#467=IFCRELAGGREGATES('0e3uw1EebOafDMgJDifvIa',#2,$,$,#674,(#171,#181,#191,#201,#211,#221,#231,#240));
#471=IFCSTYLEDITEM(#173,(#464),$);
#470=IFCRELDEFINESBYPROPERTIES('1HKQj270bUk$q2DSkVU_WP',#2,$,$,(#171),#676);
#472=IFCSTYLEDITEM(#174,(#464),$);
#473=IFCSTYLEDITEM(#176,(#464),$);
#474=IFCSTYLEDITEM(#178,(#464),$);
#468=IFCRELASSOCIATESMATERIAL('2Jw3YqOZI5XeGfzTmoJi_S',#2,$,$,(#171,#181,#221,#380,#390,#430),#678);
#475=IFCSURFACESTYLE('Grau Default',.BOTH.,(#677));
#477=IFCLOCALPLACEMENT(#669,#679);
#478=IFCRELDEFINESBYPROPERTIES('1s_6bsXhTVHjaxiAlzOwWv',#2,$,$,(#181),#681);
#479=IFCRELDEFINESBYPROPERTIES('2lw9qKOG2lHYhozm0Wr0DY',#2,$,$,(#181),#680);
#481=IFCSTYLEDITEM(#184,(#464),$);
#483=IFCSTYLEDITEM(#188,(#464),$);
#482=IFCSTYLEDITEM(#186,(#464),$);
#476=IFCCOLOURRGBLIST(((0.7529411764705882,0.7529411764705882,0.7529411764705882),(0.9411764705882353,0.9411764705882353,0.9411764705882353)));
#480=IFCSTYLEDITEM(#183,(#464),$);
#486=IFCLOCALPLACEMENT(#669,#682);
#484=IFCSURFACESTYLE('Gelb Mineralwolle',.BOTH.,(#683));
#485=IFCCOLOURRGBLIST(((0.7529411764705882,0.7529411764705882,0.7529411764705882),(0.9215686274509803,0.9215686274509803,0.)));
#488=IFCRELDEFINESBYPROPERTIES('1Nl574TNNZOMHZiLFkxS9f',#2,$,$,(#191),#684);
#487=IFCRELASSOCIATESMATERIAL('0GbRD5DjQVCUmZ5$Bjpnlf',#2,$,$,(#191,#400),#686);
#489=IFCRELDEFINESBYPROPERTIES('1VMtNKukSoK50DlSbxSpg_',#2,$,$,(#191),#685);
#491=IFCSTYLEDITEM(#194,(#464),$);
#490=IFCSTYLEDITEM(#193,(#464),$);
#493=IFCSTYLEDITEM(#198,(#464),$);
#494=IFCSURFACESTYLE('Braun Holzwerkstoffe',.BOTH.,(#687));
#492=IFCSTYLEDITEM(#196,(#464),$);
#496=IFCLOCALPLACEMENT(#669,#688);
#498=IFCRELDEFINESBYPROPERTIES('0wQIsNEnk7YdaLrNsbhDMt',#2,$,$,(#201),#689);
#497=IFCRELASSOCIATESMATERIAL('0RwLrUBnlLRL$khyUqYvjW',#2,$,$,(#201,#268,#333,#410),#691);
#495=IFCCOLOURRGBLIST(((0.7529411764705882,0.7529411764705882,0.7529411764705882),(0.9137254901960784,0.792156862745098,0.5843137254901961)));
#499=IFCRELDEFINESBYPROPERTIES('3$fOBFbFmfwQjAt_uwgELZ',#2,$,$,(#201),#690);
#514=IFCCOLOURRGBLIST(((0.7529411764705882,0.7529411764705882,0.7529411764705882),(0.9411764705882353,0.9411764705882353,0.9411764705882353)));
#515=IFCLOCALPLACEMENT(#669,#697);
#513=IFCSTYLEDITEM(#218,(#464),$);
#512=IFCSTYLEDITEM(#216,(#464),$);
#516=IFCRELDEFINESBYPROPERTIES('2Bw8P5wtD2jkI2XD2WyYWh',#2,$,$,(#221),#698);
#507=IFCRELASSOCIATESMATERIAL('2IaJyDaBrz98U5ZWbQtKBa',#2,$,$,(#211,#249,#258,#277,#286,#295,#314,#323,#342,#351,#360,#420),#696);
#511=IFCSTYLEDITEM(#214,(#464),$);
#517=IFCRELDEFINESBYPROPERTIES('0BYDeQvWxC2Py4srmmPap1',#2,$,$,(#221),#699);
#509=IFCRELDEFINESBYPROPERTIES('3elQSulgpdX_Z0rh44BOZ1',#2,$,$,(#211),#695);
#510=IFCSTYLEDITEM(#213,(#464),$);
#508=IFCRELDEFINESBYPROPERTIES('2lwVsu3$qEuMNQ0Om40ni1',#2,$,$,(#211),#694);
#505=IFCCOLOURRGBLIST(((0.7529411764705882,0.7529411764705882,0.7529411764705882),(0.7764705882352941,0.6392156862745098,0.4823529411764706)));
#506=IFCLOCALPLACEMENT(#669,#693);
#504=IFCSURFACESTYLE('Braun Holz',.BOTH.,(#692));
#500=IFCSTYLEDITEM(#203,(#464),$);
#503=IFCSTYLEDITEM(#208,(#464),$);
#502=IFCSTYLEDITEM(#206,(#464),$);
#501=IFCSTYLEDITEM(#204,(#464),$);
#519=IFCSTYLEDITEM(#224,(#464),$);
#520=IFCSTYLEDITEM(#226,(#464),$);
#522=IFCSTYLEDITEM(#228,(#464),$);
#518=IFCSTYLEDITEM(#223,(#464),$);
#521=IFCSURFACESTYLE('Grau Blech/Abh\X\E4ngung',.BOTH.,(#700));
#524=IFCLOCALPLACEMENT(#669,#701);
#523=IFCCOLOURRGBLIST(((0.7529411764705882,0.7529411764705882,0.7529411764705882),(0.6509803921568628,0.6509803921568628,0.6509803921568628)));
#525=IFCRELASSOCIATESMATERIAL('3__OFcG2apXmx8TQ$Saf7Y',#2,$,$,(#231,#440),#702);
#527=IFCRELDEFINESBYPROPERTIES('2obu2NB75S59C_Truwil_K',#2,$,$,(#231),#703);
#526=IFCRELDEFINESBYPROPERTIES('0iNuBDpjXxweGvQaGgWaaH',#2,$,$,(#231),#704);
#528=IFCLOCALPLACEMENT(#669,#705);
#529=IFCRELASSOCIATESMATERIAL('1prswmCKtd8CDhgsEfCIVS',#2,$,$,(#240,#305,#370,#449),#706);
#531=IFCRELDEFINESBYPROPERTIES('0EglNbfDprstj1awWztqml',#2,$,$,(#240),#707);
#530=IFCRELDEFINESBYPROPERTIES('3Gq1VkhrMQdkl5wGPTFJjR',#2,$,$,(#240),#709);
#532=IFCLOCALPLACEMENT(#647,#708);
#534=IFCRELDEFINESBYPROPERTIES('1Vdnv3ke7R8z0FvLABDhIO',#2,$,$,(#249),#710);
#535=IFCRELDEFINESBYPROPERTIES('1AdjurezrUuTCqMa$8BKgT',#2,$,$,(#249),#711);
#536=IFCLOCALPLACEMENT(#647,#712);
#537=IFCRELDEFINESBYPROPERTIES('1MTTTxG$AvY6_3udF3pRL1',#2,$,$,(#258),#713);
#538=IFCRELDEFINESBYPROPERTIES('2Boz1IUXDP6v8Luyi5DjFj',#2,$,$,(#258),#714);
#539=IFCSTYLEDITEM(#260,(#504),$);
#533=IFCRELAGGREGATES('1N3JRTai0dtm8w2zZur$Je',#2,$,$,#451,(#249,#258,#268,#277,#286,#295,#305));
#541=IFCSTYLEDITEM(#263,(#504),$);
#540=IFCSTYLEDITEM(#261,(#504),$);
#542=IFCSTYLEDITEM(#265,(#504),$);
#544=IFCLOCALPLACEMENT(#647,#715);
#545=IFCRELDEFINESBYPROPERTIES('01z4Z0Wb1pIEYzveGCU_yM',#2,$,$,(#268),#716);
#547=IFCLOCALPLACEMENT(#647,#718);
#546=IFCRELDEFINESBYPROPERTIES('0eVjgXIUKKdCLOwmadiNZE',#2,$,$,(#268),#717);
#543=IFCCOLOURRGBLIST(((0.7764705882352941,0.6392156862745098,0.4823529411764706),(0.9137254901960784,0.792156862745098,0.5843137254901961)));
#550=IFCLOCALPLACEMENT(#647,#719);
#548=IFCRELDEFINESBYPROPERTIES('0rvzrSYNCG44UuRwfXeyuD',#2,$,$,(#277),#721);
#549=IFCRELDEFINESBYPROPERTIES('0hOdBvdPfXoozHICXYCEl3',#2,$,$,(#277),#720);
#553=IFCLOCALPLACEMENT(#647,#722);
#551=IFCRELDEFINESBYPROPERTIES('05Uul8FiixDjzq7sZ65Bu_',#2,$,$,(#286),#724);
#554=IFCRELDEFINESBYPROPERTIES('15cscdVOYzZf9QkWMbvQ8q',#2,$,$,(#295),#723);
#556=IFCSTYLEDITEM(#301,(#464),$);
#555=IFCRELDEFINESBYPROPERTIES('38_rOBGafZ_DHqFFZMZ5wC',#2,$,$,(#295),#725);
#558=IFCLOCALPLACEMENT(#647,#726);
#552=IFCRELDEFINESBYPROPERTIES('1uccDVVCdYVWlpqhChe2hE',#2,$,$,(#286),#727);
#557=IFCCOLOURRGBLIST(((0.7764705882352941,0.6392156862745098,0.4823529411764706),(0.7529411764705882,0.7529411764705882,0.7529411764705882)));
#559=IFCRELDEFINESBYPROPERTIES('3faAm5gUNgL7jFroYNdrbW',#2,$,$,(#305),#728);
#560=IFCRELDEFINESBYPROPERTIES('3mPCKQdTyIdHAAt60dUR8U',#2,$,$,(#305),#730);
#561=IFCLOCALPLACEMENT(#657,#729);
#563=IFCRELDEFINESBYPROPERTIES('1DVxkf9geis5obbXJHq6iw',#2,$,$,(#314),#731);
#564=IFCRELDEFINESBYPROPERTIES('2Z320t_D6jEOm8iJ2fAN_2',#2,$,$,(#314),#732);
#565=IFCLOCALPLACEMENT(#657,#733);
#566=IFCRELDEFINESBYPROPERTIES('2Rr9hysXc$FkIHBgCrdZ4j',#2,$,$,(#323),#734);
#567=IFCRELDEFINESBYPROPERTIES('0wPInd$RMmzzhInWmi2G4L',#2,$,$,(#323),#735);
#562=IFCRELAGGREGATES('1ICt$1vKtoG4npZAxHpNsS',#2,$,$,#453,(#314,#323,#333,#342,#351,#360,#370));
#569=IFCSTYLEDITEM(#326,(#504),$);
#571=IFCSTYLEDITEM(#330,(#504),$);
#568=IFCSTYLEDITEM(#325,(#504),$);
#570=IFCSTYLEDITEM(#328,(#504),$);
#572=IFCCOLOURRGBLIST(((0.7764705882352941,0.6392156862745098,0.4823529411764706),(0.9137254901960784,0.792156862745098,0.5843137254901961)));
#573=IFCLOCALPLACEMENT(#657,#736);
#575=IFCRELDEFINESBYPROPERTIES('2qrXHT5Q54aNBZgByvl4$4',#2,$,$,(#333),#737);
#577=IFCRELDEFINESBYPROPERTIES('1EqtGGJeq3HA8tUIHpsATE',#2,$,$,(#342),#738);
#576=IFCLOCALPLACEMENT(#657,#739);
#578=IFCRELDEFINESBYPROPERTIES('3k1i7vo7CePaoFuKbifY5A',#2,$,$,(#342),#741);
#579=IFCLOCALPLACEMENT(#657,#740);
#574=IFCRELDEFINESBYPROPERTIES('3qEl5Q1OxRVdYhnUM0Relz',#2,$,$,(#333),#743);
#580=IFCRELDEFINESBYPROPERTIES('1DpV6PB$DvrlbwvLXzPOSM',#2,$,$,(#351),#742);
#581=IFCRELDEFINESBYPROPERTIES('1Y8whGFEAmf6iZZTlzh0xZ',#2,$,$,(#351),#744);
#582=IFCLOCALPLACEMENT(#657,#745);
#585=IFCSTYLEDITEM(#366,(#464),$);
#584=IFCRELDEFINESBYPROPERTIES('3DYYSDiJKaLevFmCnJsCqg',#2,$,$,(#360),#746);
#586=IFCLOCALPLACEMENT(#657,#748);
#583=IFCRELDEFINESBYPROPERTIES('2D6Vy04smYTU_LbR7qkQXX',#2,$,$,(#360),#747);
#589=IFCRELDEFINESBYPROPERTIES('1M15ryOm4HAa5f4TLXQuFy',#2,$,$,(#370),#749);
#590=IFCSTYLEDITEM(#376,(#475),$);
#587=IFCCOLOURRGBLIST(((0.7764705882352941,0.6392156862745098,0.4823529411764706),(0.7529411764705882,0.7529411764705882,0.7529411764705882)));
#588=IFCRELDEFINESBYPROPERTIES('1EJ6wvTKBXCpO8NbjuJlQL',#2,$,$,(#370),#750);
#593=IFCSTYLEDITEM(#382,(#464),$);
#591=IFCCOLOURRGBLIST(((0.7529411764705882,0.7529411764705882,0.7529411764705882),(0.9411764705882353,0.9411764705882353,0.9411764705882353)));
#592=IFCLOCALPLACEMENT(#670,#751);
#596=IFCRELDEFINESBYPROPERTIES('1_68$ZremPLPH68YSLjd9T',#2,$,$,(#380),#753);
#594=IFCRELAGGREGATES('20ClmnzdlWXUrDJIo9pVxS',#2,$,$,#752,(#380,#390,#400,#410,#420,#430,#440,#449));
#598=IFCSTYLEDITEM(#385,(#464),$);
#597=IFCSTYLEDITEM(#383,(#464),$);
#599=IFCSTYLEDITEM(#387,(#464),$);
#600=IFCLOCALPLACEMENT(#670,#754);
#602=IFCRELDEFINESBYPROPERTIES('1Z81y5GeKE8C2nsmR0EgB_',#2,$,$,(#390),#755);
#601=IFCCOLOURRGBLIST(((0.7529411764705882,0.7529411764705882,0.7529411764705882),(0.9411764705882353,0.9411764705882353,0.9411764705882353)));
#603=IFCRELDEFINESBYPROPERTIES('0ul2tWE_l5wZ1bEw9Y68Z7',#2,$,$,(#390),#756);
#605=IFCSTYLEDITEM(#393,(#464),$);
#604=IFCSTYLEDITEM(#392,(#464),$);
#606=IFCSTYLEDITEM(#395,(#464),$);
#609=IFCSTYLEDITEM(#402,(#464),$);
#607=IFCSTYLEDITEM(#397,(#464),$);
#608=IFCCOLOURRGBLIST(((0.7529411764705882,0.7529411764705882,0.7529411764705882),(0.9215686274509803,0.9215686274509803,0.)));
#611=IFCSTYLEDITEM(#403,(#464),$);
#610=IFCLOCALPLACEMENT(#670,#757);
#614=IFCSTYLEDITEM(#405,(#464),$);
#612=IFCRELDEFINESBYPROPERTIES('2x9hBcYajsrsrY8Ga1ChAb',#2,$,$,(#400),#758);
#615=IFCSTYLEDITEM(#407,(#464),$);
#613=IFCRELDEFINESBYPROPERTIES('1mm3tTB_HsfYp$qicHZ5hg',#2,$,$,(#400),#759);
#617=IFCLOCALPLACEMENT(#670,#760);
#618=IFCRELDEFINESBYPROPERTIES('3LALoc8PUY2LvbAKsILJTP',#2,$,$,(#410),#761);
#595=IFCRELDEFINESBYPROPERTIES('297MOeXRCIFMdZTNiKz1$u',#2,$,$,(#380),#762);
#616=IFCCOLOURRGBLIST(((0.7529411764705882,0.7529411764705882,0.7529411764705882),(0.9137254901960784,0.792156862745098,0.5843137254901961)));
#619=IFCRELDEFINESBYPROPERTIES('1rK3jUoriEN6ZxLqdrAJLt',#2,$,$,(#410),#763);
#621=IFCSTYLEDITEM(#413,(#464),$);
#620=IFCSTYLEDITEM(#412,(#464),$);
#622=IFCSTYLEDITEM(#415,(#464),$);
#623=IFCSTYLEDITEM(#417,(#464),$);
#624=IFCCOLOURRGBLIST(((0.7529411764705882,0.7529411764705882,0.7529411764705882),(0.7764705882352941,0.6392156862745098,0.4823529411764706)));
#625=IFCLOCALPLACEMENT(#670,#764);
#628=IFCRELDEFINESBYPROPERTIES('3FNlaeA3Xe62zGlGXe9JDs',#2,$,$,(#420),#765);
#627=IFCSTYLEDITEM(#423,(#464),$);
#631=IFCSTYLEDITEM(#427,(#464),$);
#629=IFCRELDEFINESBYPROPERTIES('1vUzjtQsxXd29SkKVjQOKr',#2,$,$,(#420),#766);
#630=IFCSTYLEDITEM(#425,(#464),$);
#632=IFCCOLOURRGBLIST(((0.7529411764705882,0.7529411764705882,0.7529411764705882),(0.9411764705882353,0.9411764705882353,0.9411764705882353)));
#633=IFCLOCALPLACEMENT(#670,#767);
#634=IFCRELDEFINESBYPROPERTIES('3gZzNst54KTK5qiFi074a_',#2,$,$,(#430),#768);
#636=IFCSTYLEDITEM(#432,(#464),$);
#635=IFCRELDEFINESBYPROPERTIES('1pPfsU8tfwoim8YZj2I8Ax',#2,$,$,(#430),#769);
#626=IFCSTYLEDITEM(#422,(#464),$);
#639=IFCSTYLEDITEM(#437,(#464),$);
#638=IFCSTYLEDITEM(#435,(#464),$);
#637=IFCSTYLEDITEM(#433,(#464),$);
#641=IFCLOCALPLACEMENT(#670,#770);
#642=IFCRELDEFINESBYPROPERTIES('0x$4hmHzDQXhAELvnkZmLD',#2,$,$,(#440),#771);
#644=IFCLOCALPLACEMENT(#670,#773);
#640=IFCCOLOURRGBLIST(((0.7529411764705882,0.7529411764705882,0.7529411764705882),(0.6509803921568628,0.6509803921568628,0.6509803921568628)));
#643=IFCRELDEFINESBYPROPERTIES('0ekHWFB4ROnMfqjNAa3yBl',#2,$,$,(#440),#772);
#645=IFCRELDEFINESBYPROPERTIES('1U8E5MynbTxQ5uSSa1Flc6',#2,$,$,(#449),#774);
#647=IFCLOCALPLACEMENT(#458,#775);
#646=IFCRELDEFINESBYPROPERTIES('0jTGNpyfs5yl$xiQ_jtQTw',#2,$,$,(#449),#776);
#648=IFCRELASSOCIATESCLASSIFICATION('1HRb2GL6b350fu62BMC2n$',#2,'Archicad Klassifizierung 0',$,(#451,#453),#777);
#650=IFCRELDEFINESBYPROPERTIES('0UU$E4Aw1cqH8JBdeX8aK2',#2,$,$,(#451),#778);
#649=IFCRELDEFINESBYTYPE('2qfwWTOdvwj2ZV4t7PzIk0',#2,$,$,(#451,#453),#779);
#652=IFCRELDEFINESBYPROPERTIES('143zi69rVa2u2IpDWKeDbn',#2,$,$,(#451),#780);
#651=IFCRELDEFINESBYPROPERTIES('1w8YXl4vAoiBrPZqitDutQ',#2,$,$,(#451),#781);
#654=IFCRELDEFINESBYPROPERTIES('04WZ9a4NhB8ACSuUiMu41X',#2,$,$,(#451),#783);
#653=IFCRELDEFINESBYPROPERTIES('2muHz39afQlyeF1ROXnI98',#2,$,$,(#451),#782);
#657=IFCLOCALPLACEMENT(#458,#784);
#655=IFCRELDEFINESBYPROPERTIES('3eeRSWs6egZP5R9E44UnmQ',#2,$,$,(#451),#785);
#658=IFCCARTESIANPOINT((0.,0.,0.));
#659=IFCRELDEFINESBYPROPERTIES('27O7MHtrE2mOed_CArEmgB',#2,$,$,(#453),#786);
#656=IFCRELCONTAINEDINSPATIALSTRUCTURE('2gx76ubtceeZBTHB6jsWo0',#2,$,$,(#674,#451,#453,#752),#668);
#660=IFCRELDEFINESBYPROPERTIES('1zoaJy4fe9Uwygh4sgUAHn',#2,$,$,(#453),#787);
#662=IFCRELDEFINESBYPROPERTIES('1smy1TFP5SLdjvOfcGiQIb',#2,$,$,(#453),#789);
#661=IFCRELDEFINESBYPROPERTIES('0nQA8ykrcDnY1jcHxxhUdl',#2,$,$,(#453),#788);
#664=IFCRELDEFINESBYPROPERTIES('2YJzH4XNmzL9befIjMPFIO',#2,$,$,(#453),#790);
#665=IFCDIRECTION((0.,0.,1.));
#663=IFCRELDEFINESBYPROPERTIES('3DCh$Fs8Ja0YNeSGQbMJCV',#2,$,$,(#453),#791);
#666=IFCDIRECTION((1.,0.,0.));
#667=IFCAXIS2PLACEMENT3D(#792,#793,#794);
#670=IFCLOCALPLACEMENT(#458,#795);
#668=IFCBUILDINGSTOREY('0MllB_VXj6FAtsa7W_1VJM',#2,'EG',$,$,#458,$,'Level 0',.ELEMENT.,0.);
#672=IFCAXIS2PLACEMENT3D(#800,#801,#802);
#671=IFCELEMENTQUANTITY('12dgCydrmtNRhrFDiwRwPX',#2,'Qto_BuildingBaseQuantities',$,'Archicad BIM Base Quantities',(#804));
#669=IFCLOCALPLACEMENT(#458,#805);
#673=IFCSURFACESTYLERENDERING(#803,0.,IFCNORMALISEDRATIOMEASURE(0.7),$,$,$,IFCNORMALISEDRATIOMEASURE(0.62),$,.NOTDEFINED.);
#674=IFCSLAB('1tVdgTkzv6mwDY6sOEvEJn',#2,'Floor:DeckenInstanz:317571',$,$,#669,$,'317571',.NOTDEFINED.);
#675=IFCPROPERTYSET('3rKcfcPNgExP2FdfgZZAu9',#2,'Component Properties',$,(#816,#817,#819));
#676=IFCELEMENTQUANTITY('3vhJLMtbbGqTwq$i46$$mw',#2,'Component Quantities',$,'Archicad BIM Base Quantities',(#814,#815,#818,#821,#822,#823));
#677=IFCSURFACESTYLERENDERING(#820,0.,IFCNORMALISEDRATIOMEASURE(0.7),$,$,$,IFCNORMALISEDRATIOMEASURE(0.62),$,.NOTDEFINED.);
#679=IFCAXIS2PLACEMENT3D(#824,#825,#826);
#678=IFCMATERIAL('Grau Default',$,$);
#680=IFCELEMENTQUANTITY('3E5wheM5UVLjiuPj4WvnXK',#2,'Component Quantities',$,'Archicad BIM Base Quantities',(#832,#833,#834,#835,#836,#837));
#682=IFCAXIS2PLACEMENT3D(#839,#840,#841);
#683=IFCSURFACESTYLERENDERING(#838,0.,IFCNORMALISEDRATIOMEASURE(0.7),$,$,$,IFCNORMALISEDRATIOMEASURE(0.62),$,.NOTDEFINED.);
#681=IFCPROPERTYSET('34YkWRtQMKVo8SQZju5cXQ',#2,'Component Properties',$,(#830,#843,#847));
#684=IFCPROPERTYSET('0bQ0GO2nG26TSUWacl5yIM',#2,'Component Properties',$,(#842,#844,#845));
#685=IFCELEMENTQUANTITY('1sJB8K3p4MVaCFXsgs76I1',#2,'Component Quantities',$,'Archicad BIM Base Quantities',(#846,#848,#849,#850,#851,#853));
#686=IFCMATERIAL('Gelb Mineralwolle',$,$);
#688=IFCAXIS2PLACEMENT3D(#854,#855,#859);
#689=IFCPROPERTYSET('1E_03O$sEQAnuPR9DaBXKw',#2,'Component Properties',$,(#860,#861,#862));
#691=IFCMATERIAL('Braun Holzwerkstoffe',$,$);
#693=IFCAXIS2PLACEMENT3D(#872,#873,#874);
#687=IFCSURFACESTYLERENDERING(#852,0.,IFCNORMALISEDRATIOMEASURE(0.7),$,$,$,IFCNORMALISEDRATIOMEASURE(0.62),$,.NOTDEFINED.);
#690=IFCELEMENTQUANTITY('2FXty1EJ$0WA9NJfS9_6Gf',#2,'Component Quantities',$,'Archicad BIM Base Quantities',(#866,#867,#868,#869,#870,#871));
#692=IFCSURFACESTYLERENDERING(#875,0.,IFCNORMALISEDRATIOMEASURE(0.7),$,$,$,IFCNORMALISEDRATIOMEASURE(0.62),$,.NOTDEFINED.);
#694=IFCPROPERTYSET('2drJAufKJDWuCSk1wX5BZX',#2,'Component Properties',$,(#877,#878,#879));
#697=IFCAXIS2PLACEMENT3D(#880,#884,#885);
#696=IFCMATERIAL('Braun Holz',$,$);
#698=IFCPROPERTYSET('3slozG5n1HbKbLTJqEGGgv',#2,'Component Properties',$,(#886,#891,#892));
#699=IFCELEMENTQUANTITY('0MM6jrCciDgCZpaliEkvDi',#2,'Component Quantities',$,'Archicad BIM Base Quantities',(#888,#889,#890,#895,#899,#900));
#695=IFCELEMENTQUANTITY('11Nmo6WjUSW_LLGjX9SYr_',#2,'Component Quantities',$,'Archicad BIM Base Quantities',(#876,#887,#893,#896,#897,#898));
#701=IFCAXIS2PLACEMENT3D(#901,#902,#903);
#700=IFCSURFACESTYLERENDERING(#894,0.,IFCNORMALISEDRATIOMEASURE(0.7),$,$,$,IFCNORMALISEDRATIOMEASURE(0.62),$,.NOTDEFINED.);
#702=IFCMATERIAL('Grau Blech/Abh\X\E4ngung',$,$);
#704=IFCPROPERTYSET('2vTA2KR2GoDB4qmQo9z0vh',#2,'Component Properties',$,(#907,#908,#909));
#705=IFCAXIS2PLACEMENT3D(#910,#911,#912);
#706=IFCMATERIAL('Grau Gipsplatten',$,$);
#703=IFCELEMENTQUANTITY('3kc1xUkuvyHc8GkeKyeSU_',#2,'Component Quantities',$,'Archicad BIM Base Quantities',(#913,#914,#918,#919,#920,#921));
#708=IFCAXIS2PLACEMENT3D(#922,#923,#924);
#709=IFCPROPERTYSET('1pte9g8aMJiDHY2Vi5RmRv',#2,'Component Properties',$,(#930,#931,#932));
#707=IFCELEMENTQUANTITY('0zV0X4mzp6N0Ptd$7S4rxP',#2,'Component Quantities',$,'Archicad BIM Base Quantities',(#925,#926,#927,#928,#929,#933));
#712=IFCAXIS2PLACEMENT3D(#934,#935,#936);
#713=IFCPROPERTYSET('1mzRuE6iA2hksw$AoPEfuU',#2,'Component Properties',$,(#944,#945,#946));
#711=IFCELEMENTQUANTITY('2OoSk4mvITKCT1$TWKDhHL',#2,'Component Quantities',$,'Archicad BIM Base Quantities',(#937,#938,#939,#940,#941,#942,#943,#947,#948));
#714=IFCELEMENTQUANTITY('1eeqchkboVCCKKDTeuIlO4',#2,'Component Quantities',$,'Archicad BIM Base Quantities',(#949,#950,#952,#953,#954,#955,#956,#957,#960));
#715=IFCAXIS2PLACEMENT3D(#951,#958,#959);
#716=IFCPROPERTYSET('308Iukl1BiuBJjWHlheItt',#2,'Component Properties',$,(#961,#962,#963));
#710=IFCPROPERTYSET('0DbEmKmJORjfU0cYohhtOl',#2,'Component Properties',$,(#970,#971,#972));
#719=IFCAXIS2PLACEMENT3D(#975,#976,#977);
#717=IFCELEMENTQUANTITY('1KYCdZLOWgJ1ny7Bz_O98O',#2,'Component Quantities',$,'Archicad BIM Base Quantities',(#966,#967,#968,#969,#973,#974,#978,#979,#980));
#718=IFCAXIS2PLACEMENT3D(#964,#965,#981);
#722=IFCAXIS2PLACEMENT3D(#982,#985,#986);
#721=IFCPROPERTYSET('1FI83XLQni2kdJcTJttkSC',#2,'Component Properties',$,(#983,#984,#987));
#724=IFCPROPERTYSET('0xvKrsVtO4GNn6DwNvDiLc',#2,'Component Properties',$,(#990,#991,#992));
#723=IFCPROPERTYSET('0BRSji7FpwfEyKCp4gtphP',#2,'Component Properties',$,(#993,#994,#995));
#726=IFCAXIS2PLACEMENT3D(#996,#997,#998);
#720=IFCELEMENTQUANTITY('0wCznJCDzjruRR6ktrNEGV',#2,'Component Quantities',$,'Archicad BIM Base Quantities',(#988,#989,#999,#1000,#1001,#1002,#1007,#1008,#1009));
#727=IFCELEMENTQUANTITY('3l6DPN5OrPsQHaQWWFdrRz',#2,'Component Quantities',$,'Archicad BIM Base Quantities',(#1014,#1015,#1016,#1017,#1018,#1019,#1020,#1021,#1022));
#729=IFCAXIS2PLACEMENT3D(#1023,#1024,#1025);
#730=IFCELEMENTQUANTITY('1PcEofhsXO6bOBlS2fqCsL',#2,'Component Quantities',$,'Archicad BIM Base Quantities',(#1026,#1027,#1028,#1029,#1030,#1031,#1032,#1034,#1035));
#728=IFCPROPERTYSET('31VXSs$8cF_PWDTrbHXzcx',#2,'Component Properties',$,(#1033,#1036,#1037));
#731=IFCPROPERTYSET('3KEAOEfnPGbIWNLAVYdf9Q',#2,'Component Properties',$,(#1038,#1039,#1040));
#725=IFCELEMENTQUANTITY('2yFHaLBjzCsndRywO_Ng_W',#2,'Component Quantities',$,'Archicad BIM Base Quantities',(#1003,#1004,#1005,#1006,#1010,#1011,#1012,#1013,#1045));
#747=IFCPROPERTYSET('0cSQ5hvxm_rxgTCQt2uhBi',#2,'Component Properties',$,(#1120,#1121,#1123));
#744=IFCELEMENTQUANTITY('19mqvhktg27Jv_2wwG7eD9',#2,'Component Quantities',$,'Archicad BIM Base Quantities',(#1097,#1098,#1112,#1113,#1114,#1115,#1116,#1117,#1118));
#741=IFCELEMENTQUANTITY('0yIET8psknMYyjARkpJZUE',#2,'Component Quantities',$,'Archicad BIM Base Quantities',(#1087,#1099,#1101,#1102,#1103,#1108,#1109,#1110,#1111));
#749=IFCELEMENTQUANTITY('1vm9C$2JUaUXdk7GLK$aZ9',#2,'Component Quantities',$,'Archicad BIM Base Quantities',(#1125,#1126,#1127,#1128,#1129,#1130,#1131,#1132,#1133));
#748=IFCAXIS2PLACEMENT3D(#1119,#1122,#1124);
#745=IFCAXIS2PLACEMENT3D(#1094,#1095,#1096);
#743=IFCPROPERTYSET('1Vo7a9M5SQ8dhsPRYH93X5',#2,'Component Properties',$,(#1091,#1092,#1093));
#742=IFCPROPERTYSET('3h2RBTpYd$qAS_Q_1IiuO7',#2,'Component Properties',$,(#1088,#1089,#1090));
#735=IFCELEMENTQUANTITY('0SZ68pH8Mis947KrsKGhO_',#2,'Component Quantities',$,'Archicad BIM Base Quantities',(#1061,#1062,#1073,#1076,#1077,#1078,#1079,#1085,#1086));
#738=IFCPROPERTYSET('3z4i$_8EEX0uZu3YLUYNvB',#2,'Component Properties',$,(#1071,#1072,#1084));
#740=IFCAXIS2PLACEMENT3D(#1081,#1082,#1083);
#739=IFCAXIS2PLACEMENT3D(#1074,#1075,#1080);
#746=IFCELEMENTQUANTITY('1pnmOE2yOllB71BmXrORZF',#2,'Component Quantities',$,'Archicad BIM Base Quantities',(#1100,#1104,#1105,#1106,#1107,#1134,#1135,#1136,#1137));
#737=IFCELEMENTQUANTITY('35HU1ovnRxa2vXMbfPwdjD',#2,'Component Quantities',$,'Archicad BIM Base Quantities',(#1057,#1058,#1059,#1060,#1063,#1067,#1068,#1069,#1070));
#734=IFCPROPERTYSET('0zYfbvqU5Bld6YbK_AU_Q9',#2,'Component Properties',$,(#1064,#1065,#1066));
#736=IFCAXIS2PLACEMENT3D(#1054,#1055,#1056);
#732=IFCELEMENTQUANTITY('3Xw3HfM3$id6c6yGVk1hVK',#2,'Component Quantities',$,'Archicad BIM Base Quantities',(#1041,#1042,#1043,#1044,#1047,#1049,#1051,#1052,#1053));
#733=IFCAXIS2PLACEMENT3D(#1046,#1048,#1050);
#751=IFCAXIS2PLACEMENT3D(#1138,#1139,#1140);
#750=IFCPROPERTYSET('0OPCYP0nffyHE29Wb5xnYD',#2,'Component Properties',$,(#1141,#1142,#1143));
#753=IFCELEMENTQUANTITY('1TKiJNUEdNGpIKpAnjqYQK',#2,'Component Quantities',$,'Archicad BIM Base Quantities',(#1144,#1145,#1146,#1147,#1152,#1153));
#752=IFCSLAB('3vl06i4r912QcgJ8LymGxs',#2,'Floor:DeckenInstanz:316140',$,$,#670,$,'316140',.NOTDEFINED.);
#754=IFCAXIS2PLACEMENT3D(#1148,#1157,#1158);
#757=IFCAXIS2PLACEMENT3D(#1159,#1160,#1161);
#756=IFCELEMENTQUANTITY('0wD7eeNxZrK0Cc$EnxoHqZ',#2,'Component Quantities',$,'Archicad BIM Base Quantities',(#1162,#1163,#1166,#1167,#1168,#1169));
#755=IFCPROPERTYSET('1ebuoHjgpMTQBX5e7mZcvV',#2,'Component Properties',$,(#1164,#1165,#1170));
#758=IFCPROPERTYSET('3R$vYmbuz45D3AXatMmYFQ',#2,'Component Properties',$,(#1171,#1172,#1173));
#760=IFCAXIS2PLACEMENT3D(#1174,#1175,#1176);
#761=IFCPROPERTYSET('2H$woG3Yzj9jGSgOZMKNUt',#2,'Component Properties',$,(#1177,#1178,#1179));
#762=IFCPROPERTYSET('1jvAUc7Mk54$TLvspSTS2W',#2,'Component Properties',$,(#1180,#1181,#1182));
#764=IFCAXIS2PLACEMENT3D(#1183,#1184,#1187);
#763=IFCELEMENTQUANTITY('3jDC2bCTWZeh7RiKU9weLw',#2,'Component Quantities',$,'Archicad BIM Base Quantities',(#1185,#1186,#1188,#1189,#1190,#1191));
#765=IFCPROPERTYSET('1iCvoEqZTOb6moc635tbSa',#2,'Component Properties',$,(#1192,#1193,#1194));
#767=IFCAXIS2PLACEMENT3D(#1203,#1205,#1208);
#766=IFCELEMENTQUANTITY('1QrD1uBkNXA8GQmtpp7zjL',#2,'Component Quantities',$,'Archicad BIM Base Quantities',(#1195,#1196,#1201,#1202,#1206,#1207));
#768=IFCPROPERTYSET('2gM5ui6CGRjSZ0ZYPwotGb',#2,'Component Properties',$,(#1209,#1210,#1211));
#770=IFCAXIS2PLACEMENT3D(#1212,#1213,#1214);
#759=IFCELEMENTQUANTITY('3M7msL4NhXg9$EmdjyIw4I',#2,'Component Quantities',$,'Archicad BIM Base Quantities',(#1197,#1198,#1199,#1200,#1204,#1217));
#771=IFCPROPERTYSET('0Roe5cbbpeV7joDLIZ3kvG',#2,'Component Properties',$,(#1221,#1222,#1223));
#769=IFCELEMENTQUANTITY('3rgGryEEt$mh1roBWvuIM$',#2,'Component Quantities',$,'Archicad BIM Base Quantities',(#1215,#1216,#1218,#1219,#1220,#1224));
#773=IFCAXIS2PLACEMENT3D(#1227,#1228,#1229);
#775=IFCAXIS2PLACEMENT3D(#1230,#1231,#1232);
#772=IFCELEMENTQUANTITY('2SeC5xqoO6f0BAT$AB1crJ',#2,'Component Quantities',$,'Archicad BIM Base Quantities',(#1225,#1226,#1233,#1234,#1235,#1236));
#776=IFCELEMENTQUANTITY('3MgD1aWDucWmUNg8UzNEdu',#2,'Component Quantities',$,'Archicad BIM Base Quantities',(#1237,#1238,#1239,#1240,#1242,#1243));
#777=IFCCLASSIFICATIONREFERENCE('IFC Export Typ-Zuodnung:\X\0DIFC2x3: IfcWall | USERDEFINED | NOTDEFINED\X\0DIFC4: IfcWall | NOTDEFINED','Wand',$,#1246,$,$);
#774=IFCPROPERTYSET('0Aqo2k9jvTjmVlfqHX4cpQ',#2,'Component Properties',$,(#1241,#1244,#1245));
#778=IFCPROPERTYSET('0Fd4jm1Bdiz3Jouv8wiQAM',#2,'Pset_WallCommon',$,(#1247,#1248,#1249,#1250,#1251,#1252));
#780=IFCPROPERTYSET('2Loszve1iVkhAFNcmzLmuD',#2,'Pset_QuantityTakeOff',$,(#1254));
#781=IFCPROPERTYSET('1QqzwZOSwUM0xsAbwCWZJh',#2,'Pset_ReinforcementBarPitchOfWall',$,(#1255));
#779=IFCWALLTYPE('3AjNdwg5f7Uf6dcBRaK4N6',#2,'Basic Wall:WandInstanz',$,$,(#1253),$,'316702',$,.NOTDEFINED.);
#784=IFCAXIS2PLACEMENT3D(#1256,#1257,#1258);
#783=IFCELEMENTQUANTITY('3WDfzn9LKfGiw7f_far8nt',#2,'Qto_WallBaseQuantities',$,'Archicad BIM Base Quantities',(#1263,#1264,#1265,#1268,#1269,#1270,#1271,#1276,#1277));
#786=IFCPROPERTYSET('0GRAf$sdjOIdekz6DAt7AO',#2,'Pset_WallCommon',$,(#1281,#1282,#1283,#1288,#1289,#1290));
#787=IFCPROPERTYSET('1HnKgKQZtp4nw3cnAn3fgR',#2,'Pset_ReinforcementBarPitchOfWall',$,(#1302));
#788=IFCPROPERTYSET('2fmduCBsnCWnmbagzxu_Q9',#2,'Pset_QuantityTakeOff',$,(#1309));
#782=IFCPROPERTYSET('2iu_fja5B9Oij85btAZPWs',#2,'ArchiCADProperties',$,(#1259,#1260,#1261,#1262,#1266,#1267,#1272,#1273,#1274,#1275,#1278,#1279,#1280,#1284,#1285,#1286,#1287,#1291,#1292,#1293,#1294,#1295,#1296,#1297,#1298,#1299,#1300,#1301,#1303,#1304,#1305,#1306,#1307,#1308,#1310,#1311,#1312,#1313,#1323,#1324,#1325,#1326,#1327,#1328,#1329,#1330));
#789=IFCPROPERTYSET('1TUwdoM_rhU6japusYt8i7',#2,'ArchiCADProperties',$,(#1314,#1315,#1316,#1317,#1318,#1319,#1320,#1321,#1322,#1331,#1332,#1333,#1334,#1335,#1336,#1337,#1338,#1339,#1340,#1341,#1342,#1343,#1344,#1345,#1349,#1350,#1351,#1362,#1363,#1364,#1375,#1376,#1377,#1384,#1385,#1386,#1387,#1388,#1389,#1390,#1391,#1392,#1393,#1394,#1395,#1396));
#791=IFCELEMENTQUANTITY('025w$KR5K$cgGKae0xiVyL',#2,'Qto_WallBaseQuantities',$,'Archicad BIM Base Quantities',(#1407,#1411,#1412,#1413,#1414,#1418,#1419,#1420,#1421));
#792=IFCCARTESIANPOINT((0.,0.,0.));
#793=IFCDIRECTION((0.,0.,1.));
#794=IFCDIRECTION((1.,0.,0.));
#795=IFCAXIS2PLACEMENT3D(#1464,#1479,#1486);
#796=IFCRELDEFINESBYPROPERTIES('14LeqsFVFovgDL3J0Wg9q8',#2,$,$,(#668),#1505);
#797=IFCRELDEFINESBYPROPERTIES('2dYVRLnEsCe6VaKK$r3_Rv',#2,$,$,(#668),#1512);
#798=IFCRELDEFINESBYPROPERTIES('3Ab8X26pOv0AxBjNsjtq4l',#2,$,$,(#668),#1518);
#785=IFCELEMENTQUANTITY('07BwSN$7D86x8jsHo4Y9jt',#2,'ArchiCADQuantities',$,'Archicad BIM Quantities',(#1425,#1426,#1427,#1428,#1429,#1430,#1431,#1432,#1433,#1434,#1435,#1436,#1437,#1438,#1439,#1440,#1445,#1446,#1447,#1448,#1449,#1453,#1454,#1455,#1456,#1457,#1458,#1470,#1471,#1472,#1473,#1474,#1475,#1476,#1477,#1478,#1480,#1481,#1482,#1483,#1484,#1485,#1487,#1488,#1489,#1490,#1491,#1492,#1493,#1494,#1495,#1496,#1497,#1498,#1499,#1500,#1501,#1502,#1503,#1504,#1506,#1507,#1508,#1509,#1510,#1511,#1513,#1514,#1515,#1516,#1517));
#800=IFCCARTESIANPOINT((0.,0.,0.));
#801=IFCDIRECTION((0.,0.,1.));
#802=IFCDIRECTION((1.,0.,0.));
#790=IFCELEMENTQUANTITY('3__PnZrWmfNnhDB0arWRJJ',#2,'ArchiCADQuantities',$,'Archicad BIM Quantities',(#1346,#1347,#1348,#1352,#1353,#1354,#1355,#1356,#1357,#1358,#1359,#1360,#1361,#1365,#1366,#1367,#1368,#1369,#1370,#1371,#1372,#1373,#1374,#1378,#1379,#1380,#1381,#1382,#1383,#1397,#1398,#1399,#1400,#1401,#1402,#1403,#1404,#1405,#1406,#1408,#1409,#1410,#1415,#1416,#1417,#1422,#1423,#1424,#1441,#1442,#1443,#1444,#1450,#1451,#1452,#1459,#1460,#1461,#1462,#1463,#1465,#1466,#1467,#1468,#1469,#1519,#1520,#1521,#1522,#1523,#1524));
#799=IFCRELDEFINESBYPROPERTIES('1BmB4gz9S975T$E6q1vs67',#2,$,$,(#668),#1525);
#805=IFCAXIS2PLACEMENT3D(#1526,#1527,#1528);
#803=IFCCOLOURRGB($,0.7529411764705882,0.7529411764705882,0.7529411764705882);
#804=IFCQUANTITYAREA('GrossFloorArea',$,$,0.,$);
#807=IFCRELDEFINESBYTYPE('09bAFTteXwFIzi8RpwrGro',#2,$,$,(#674,#752),#1529);
#809=IFCRELDEFINESBYPROPERTIES('1wU56timw_yMZpc5YHLI5u',#2,$,$,(#674),#1531);
#806=IFCRELASSOCIATESCLASSIFICATION('0NKEYjBau$wTwvB7dWudxG',#2,'Archicad Klassifizierung 0',$,(#674,#752),#1530);
#811=IFCRELDEFINESBYPROPERTIES('0rUCPsZv6$kpjxWIax346D',#2,$,$,(#674),#1532);
#808=IFCRELDEFINESBYPROPERTIES('0i3g5HIUwTIa4M$4PfBcJ3',#2,$,$,(#674),#1533);
#810=IFCRELDEFINESBYPROPERTIES('0a4ZiM6of_iHINbZpxD_sw',#2,$,$,(#674),#1534);
#812=IFCRELDEFINESBYPROPERTIES('0p_Zr2ompqjZu0Qb9VRKUg',#2,$,$,(#674),#1535);
#813=IFCRELDEFINESBYPROPERTIES('3UV2MkhMb9E84lHJC$46DQ',#2,$,$,(#674),#1536);
#814=IFCQUANTITYWEIGHT('Masse','',$,120.0000000000002,$);
#815=IFCQUANTITYAREA('Schicht/Komponenten Oberfl\X\E4chenbereich (netto)','',$,4.000000000000003,$);
#817=IFCPROPERTYSINGLEVALUE('Enthaltene Energie',$,IFCENERGYMEASURE(1572.000000000002),$);
#818=IFCQUANTITYAREA('Schicht/Komponenten Oberfl\X\E4chenbereich (brutto)','',$,4.000000000000003,$);
#816=IFCPROPERTYSINGLEVALUE('Enthaltenes CO2',$,IFCTEXT('76.8 (kgCO\X2\2082\X0\)'),$);
#819=IFCPROPERTYSINGLEVALUE('Schicht/Komponenten-Typ',$,IFCTEXT('Kern'),$);
#821=IFCQUANTITYLENGTH('Schichtdicke','',$,0.06,$);
#820=IFCCOLOURRGB($,0.9411764705882353,0.9411764705882353,0.9411764705882353);
#822=IFCQUANTITYVOLUME('Schicht/Komponenten Volumen (netto)','',$,0.2400000000000004,$);
#823=IFCQUANTITYVOLUME('Schicht/Komponenten Volumen (brutto)','',$,0.2400000000000004,$);
#824=IFCCARTESIANPOINT((0.,0.,0.));
#826=IFCDIRECTION((1.,0.,0.));
#825=IFCDIRECTION((0.,0.,1.));
#828=IFCMATERIALPROPERTIES('Pset_MaterialThermal',$,(#1538,#1540),#678);
#827=IFCEXTERNALREFERENCERELATIONSHIP('Archicad Klassifizierung 0',$,#1537,(#678,#686,#691,#696,#702,#706));
#829=IFCMATERIALPROPERTIES('Pset_MaterialCommon',$,(#1539),#678);
#830=IFCPROPERTYSINGLEVALUE('Enthaltenes CO2',$,IFCTEXT('0.256 (kgCO\X2\2082\X0\)'),$);
#832=IFCQUANTITYWEIGHT('Masse','',$,0.3999999999999562,$);
#831=IFCMATERIALPROPERTIES('AC_Pset_MaterialCustom',$,(#1541,#1542,#1543,#1544,#1545,#1546),#678);
#833=IFCQUANTITYAREA('Schicht/Komponenten Oberfl\X\E4chenbereich (netto)','',$,4.000000000000003,$);
#834=IFCQUANTITYAREA('Schicht/Komponenten Oberfl\X\E4chenbereich (brutto)','',$,4.000000000000003,$);
#835=IFCQUANTITYLENGTH('Schichtdicke','',$,0.0002,$);
#837=IFCQUANTITYVOLUME('Schicht/Komponenten Volumen (brutto)','',$,0.0007999999999999123,$);
#838=IFCCOLOURRGB($,0.9215686274509803,0.9215686274509803,0.);
#836=IFCQUANTITYVOLUME('Schicht/Komponenten Volumen (netto)','',$,0.0007999999999999123,$);
#839=IFCCARTESIANPOINT((0.,0.,0.));
#840=IFCDIRECTION((0.,0.,1.));
#841=IFCDIRECTION((1.,0.,0.));
#845=IFCPROPERTYSINGLEVALUE('Schicht/Komponenten-Typ',$,IFCTEXT('Kern'),$);
#843=IFCPROPERTYSINGLEVALUE('Enthaltene Energie',$,IFCENERGYMEASURE(5.239999999999426),$);
#842=IFCPROPERTYSINGLEVALUE('Enthaltenes CO2',$,IFCTEXT('51.2 (kgCO\X2\2082\X0\)'),$);
#847=IFCPROPERTYSINGLEVALUE('Schicht/Komponenten-Typ',$,IFCTEXT('Kern'),$);
#844=IFCPROPERTYSINGLEVALUE('Enthaltene Energie',$,IFCENERGYMEASURE(1048.000000000002),$);
#846=IFCQUANTITYWEIGHT('Masse','',$,80.00000000000013,$);
#848=IFCQUANTITYAREA('Schicht/Komponenten Oberfl\X\E4chenbereich (netto)','',$,4.000000000000003,$);
#850=IFCQUANTITYLENGTH('Schichtdicke','',$,0.04,$);
#849=IFCQUANTITYAREA('Schicht/Komponenten Oberfl\X\E4chenbereich (brutto)','',$,4.000000000000003,$);
#852=IFCCOLOURRGB($,0.9137254901960784,0.792156862745098,0.5843137254901961);
#851=IFCQUANTITYVOLUME('Schicht/Komponenten Volumen (netto)','',$,0.1600000000000003,$);
#855=IFCDIRECTION((0.,0.,1.));
#853=IFCQUANTITYVOLUME('Schicht/Komponenten Volumen (brutto)','',$,0.1600000000000003,$);
#854=IFCCARTESIANPOINT((0.,0.,0.));
#857=IFCMATERIALPROPERTIES('Pset_MaterialCommon',$,(#1547),#686);
#856=IFCMATERIALPROPERTIES('Pset_MaterialThermal',$,(#1552,#1553),#686);
#858=IFCMATERIALPROPERTIES('AC_Pset_MaterialCustom',$,(#1548,#1549,#1550,#1551,#1554,#1555),#686);
#859=IFCDIRECTION((1.,0.,0.));
#861=IFCPROPERTYSINGLEVALUE('Enthaltene Energie',$,IFCENERGYMEASURE(576.4000000000008),$);
#862=IFCPROPERTYSINGLEVALUE('Schicht/Komponenten-Typ',$,IFCTEXT('Kern'),$);
#863=IFCMATERIALPROPERTIES('Pset_MaterialThermal',$,(#1556,#1557),#691);
#864=IFCMATERIALPROPERTIES('Pset_MaterialCommon',$,(#1558),#691);
#865=IFCMATERIALPROPERTIES('AC_Pset_MaterialCustom',$,(#1559,#1560,#1561,#1562,#1563,#1564),#691);
#866=IFCQUANTITYWEIGHT('Masse','',$,44.00000000000006,$);
#860=IFCPROPERTYSINGLEVALUE('Enthaltenes CO2',$,IFCTEXT('28.16 (kgCO\X2\2082\X0\)'),$);
#869=IFCQUANTITYLENGTH('Schichtdicke','',$,0.022,$);
#867=IFCQUANTITYAREA('Schicht/Komponenten Oberfl\X\E4chenbereich (netto)','',$,4.000000000000003,$);
#868=IFCQUANTITYAREA('Schicht/Komponenten Oberfl\X\E4chenbereich (brutto)','',$,4.000000000000003,$);
#870=IFCQUANTITYVOLUME('Schicht/Komponenten Volumen (netto)','',$,0.08800000000000012,$);
#871=IFCQUANTITYVOLUME('Schicht/Komponenten Volumen (brutto)','',$,0.08800000000000012,$);
#872=IFCCARTESIANPOINT((0.,0.,0.));
#874=IFCDIRECTION((1.,0.,0.));
#875=IFCCOLOURRGB($,0.7764705882352941,0.6392156862745098,0.4823529411764706);
#873=IFCDIRECTION((0.,0.,1.));
#876=IFCQUANTITYWEIGHT('Masse','',$,480.0000000000003,$);
#879=IFCPROPERTYSINGLEVALUE('Schicht/Komponenten-Typ',$,IFCTEXT('Kern'),$);
#877=IFCPROPERTYSINGLEVALUE('Enthaltenes CO2',$,IFCTEXT('307.2 (kgCO\X2\2082\X0\)'),$);
#880=IFCCARTESIANPOINT((0.,0.,0.));
#878=IFCPROPERTYSINGLEVALUE('Enthaltene Energie',$,IFCENERGYMEASURE(6288.000000000004),$);
#881=IFCMATERIALPROPERTIES('Pset_MaterialThermal',$,(#1565,#1566),#696);
#882=IFCMATERIALPROPERTIES('Pset_MaterialCommon',$,(#1567),#696);
#883=IFCMATERIALPROPERTIES('AC_Pset_MaterialCustom',$,(#1568,#1569,#1570,#1571,#1572,#1573),#696);
#885=IFCDIRECTION((1.,0.,0.));
#886=IFCPROPERTYSINGLEVALUE('Enthaltenes CO2',$,IFCTEXT('0.256 (kgCO\X2\2082\X0\)'),$);
#884=IFCDIRECTION((0.,0.,1.));
#887=IFCQUANTITYAREA('Schicht/Komponenten Oberfl\X\E4chenbereich (netto)','',$,4.000000000000003,$);
#888=IFCQUANTITYWEIGHT('Masse','',$,0.3999999999999562,$);
#891=IFCPROPERTYSINGLEVALUE('Enthaltene Energie',$,IFCENERGYMEASURE(5.239999999999426),$);
#889=IFCQUANTITYAREA('Schicht/Komponenten Oberfl\X\E4chenbereich (netto)','',$,4.000000000000003,$);
#890=IFCQUANTITYAREA('Schicht/Komponenten Oberfl\X\E4chenbereich (brutto)','',$,4.000000000000003,$);
#892=IFCPROPERTYSINGLEVALUE('Schicht/Komponenten-Typ',$,IFCTEXT('Kern'),$);
#894=IFCCOLOURRGB($,0.6509803921568628,0.6509803921568628,0.6509803921568628);
#896=IFCQUANTITYLENGTH('Schichtdicke','',$,0.24,$);
#893=IFCQUANTITYAREA('Schicht/Komponenten Oberfl\X\E4chenbereich (brutto)','',$,4.000000000000003,$);
#895=IFCQUANTITYLENGTH('Schichtdicke','',$,0.0002,$);
#899=IFCQUANTITYVOLUME('Schicht/Komponenten Volumen (netto)','',$,0.0007999999999999123,$);
#897=IFCQUANTITYVOLUME('Schicht/Komponenten Volumen (netto)','',$,0.9600000000000005,$);
#898=IFCQUANTITYVOLUME('Schicht/Komponenten Volumen (brutto)','',$,0.9600000000000005,$);
#900=IFCQUANTITYVOLUME('Schicht/Komponenten Volumen (brutto)','',$,0.0007999999999999123,$);
#901=IFCCARTESIANPOINT((0.,0.,0.));
#903=IFCDIRECTION((1.,0.,0.));
#902=IFCDIRECTION((0.,0.,1.));
#904=IFCMATERIALPROPERTIES('Pset_MaterialThermal',$,(#1574,#1575),#702);
#905=IFCMATERIALPROPERTIES('Pset_MaterialCommon',$,(#1576),#702);
#906=IFCMATERIALPROPERTIES('AC_Pset_MaterialCustom',$,(#1577,#1578,#1579,#1580,#1581,#1582),#702);
#907=IFCPROPERTYSINGLEVALUE('Enthaltenes CO2',$,IFCTEXT('34.56 (kgCO\X2\2082\X0\)'),$);
#909=IFCPROPERTYSINGLEVALUE('Schicht/Komponenten-Typ',$,IFCTEXT('Kern'),$);
#910=IFCCARTESIANPOINT((0.,0.,0.));
#908=IFCPROPERTYSINGLEVALUE('Enthaltene Energie',$,IFCENERGYMEASURE(707.399999999998),$);
#912=IFCDIRECTION((1.,0.,0.));
#911=IFCDIRECTION((0.,0.,1.));
#913=IFCQUANTITYWEIGHT('Masse','',$,53.99999999999985,$);
#914=IFCQUANTITYAREA('Schicht/Komponenten Oberfl\X\E4chenbereich (netto)','',$,4.000000000000003,$);
#915=IFCMATERIALPROPERTIES('Pset_MaterialThermal',$,(#1583,#1584),#706);
#918=IFCQUANTITYAREA('Schicht/Komponenten Oberfl\X\E4chenbereich (brutto)','',$,4.000000000000003,$);
#931=IFCPROPERTYSINGLEVALUE('Enthaltene Energie',$,IFCENERGYMEASURE(327.499999999999),$);
#930=IFCPROPERTYSINGLEVALUE('Enthaltenes CO2',$,IFCTEXT('16 (kgCO\X2\2082\X0\)'),$);
#929=IFCQUANTITYVOLUME('Schicht/Komponenten Volumen (netto)','',$,0.04999999999999984,$);
#927=IFCQUANTITYAREA('Schicht/Komponenten Oberfl\X\E4chenbereich (brutto)','',$,4.000000000000003,$);
#928=IFCQUANTITYLENGTH('Schichtdicke','',$,0.0125,$);
#926=IFCQUANTITYAREA('Schicht/Komponenten Oberfl\X\E4chenbereich (netto)','',$,4.000000000000003,$);
#933=IFCQUANTITYVOLUME('Schicht/Komponenten Volumen (brutto)','',$,0.04999999999999984,$);
#925=IFCQUANTITYWEIGHT('Masse','',$,24.99999999999992,$);
#923=IFCDIRECTION((0.,0.,1.));
#924=IFCDIRECTION((1.,0.,0.));
#934=IFCCARTESIANPOINT((0.,0.,0.));
#932=IFCPROPERTYSINGLEVALUE('Schicht/Komponenten-Typ',$,IFCTEXT('Kern'),$);
#922=IFCCARTESIANPOINT((0.,0.,0.));
#921=IFCQUANTITYVOLUME('Schicht/Komponenten Volumen (brutto)','',$,0.1079999999999997,$);
#920=IFCQUANTITYVOLUME('Schicht/Komponenten Volumen (netto)','',$,0.1079999999999997,$);
#919=IFCQUANTITYLENGTH('Schichtdicke','',$,0.027,$);
#917=IFCMATERIALPROPERTIES('AC_Pset_MaterialCustom',$,(#1585,#1586,#1587,#1588,#1589,#1591),#706);
#916=IFCMATERIALPROPERTIES('Pset_MaterialCommon',$,(#1590),#706);
#936=IFCDIRECTION((1.,0.,0.));
#935=IFCDIRECTION((0.,0.,1.));
#937=IFCQUANTITYWEIGHT('Masse','',$,36.00000000000003,$);
#940=IFCQUANTITYLENGTH('Schichtdicke','',$,0.024,$);
#938=IFCQUANTITYAREA('Schicht/Komponenten Oberfl\X\E4chenbereich (netto)','',$,3.,$);
#939=IFCQUANTITYAREA('Schicht/Komponenten Oberfl\X\E4chenbereich (brutto)','',$,3.,$);
#941=IFCQUANTITYLENGTH('Schicht/Komponente H\X\F6he (rechteckig, brutto)','',$,1.5,$);
#943=IFCQUANTITYAREA('Schicht/Komponente Querschnittsbereich','',$,0.036,$);
#942=IFCQUANTITYLENGTH('Schicht/Komponente Breite (rechteckig)','',$,0.024,$);
#945=IFCPROPERTYSINGLEVALUE('Enthaltene Energie',$,IFCENERGYMEASURE(589.5000000000007),$);
#944=IFCPROPERTYSINGLEVALUE('Enthaltenes CO2',$,IFCTEXT('28.8 (kgCO\X2\2082\X0\)'),$);
#947=IFCQUANTITYVOLUME('Schicht/Komponenten Volumen (netto)','',$,0.07200000000000006,$);
#946=IFCPROPERTYSINGLEVALUE('Schicht/Komponenten-Typ',$,IFCTEXT('Kern'),$);
#949=IFCQUANTITYWEIGHT('Masse','',$,45.00000000000006,$);
#948=IFCQUANTITYVOLUME('Schicht/Komponenten Volumen (brutto)','',$,0.07200000000000006,$);
#950=IFCQUANTITYAREA('Schicht/Komponenten Oberfl\X\E4chenbereich (netto)','',$,3.,$);
#953=IFCQUANTITYLENGTH('Schichtdicke','',$,0.03,$);
#951=IFCCARTESIANPOINT((0.,0.,0.));
#954=IFCQUANTITYLENGTH('Schicht/Komponente H\X\F6he (rechteckig, brutto)','',$,1.5,$);
#952=IFCQUANTITYAREA('Schicht/Komponenten Oberfl\X\E4chenbereich (brutto)','',$,3.,$);
#955=IFCQUANTITYLENGTH('Schicht/Komponente Breite (rechteckig)','',$,0.03,$);
#957=IFCQUANTITYVOLUME('Schicht/Komponenten Volumen (netto)','',$,0.09000000000000011,$);
#958=IFCDIRECTION((0.,0.,1.));
#956=IFCQUANTITYAREA('Schicht/Komponente Querschnittsbereich','',$,0.045,$);
#960=IFCQUANTITYVOLUME('Schicht/Komponenten Volumen (brutto)','',$,0.09000000000000011,$);
#959=IFCDIRECTION((1.,0.,0.));
#961=IFCPROPERTYSINGLEVALUE('Enthaltenes CO2',$,IFCTEXT('14.4 (kgCO\X2\2082\X0\)'),$);
#962=IFCPROPERTYSINGLEVALUE('Enthaltene Energie',$,IFCENERGYMEASURE(294.7499999999999),$);
#964=IFCCARTESIANPOINT((0.,0.,0.));
#963=IFCPROPERTYSINGLEVALUE('Schicht/Komponenten-Typ',$,IFCTEXT('Kern'),$);
#966=IFCQUANTITYWEIGHT('Masse','',$,22.49999999999999,$);
#967=IFCQUANTITYAREA('Schicht/Komponenten Oberfl\X\E4chenbereich (netto)','',$,3.,$);
#965=IFCDIRECTION((0.,0.,1.));
#969=IFCQUANTITYLENGTH('Schichtdicke','',$,0.015,$);
#970=IFCPROPERTYSINGLEVALUE('Enthaltenes CO2',$,IFCTEXT('23.04 (kgCO\X2\2082\X0\)'),$);
#972=IFCPROPERTYSINGLEVALUE('Schicht/Komponenten-Typ',$,IFCTEXT('Kern'),$);
#971=IFCPROPERTYSINGLEVALUE('Enthaltene Energie',$,IFCENERGYMEASURE(471.6000000000004),$);
#973=IFCQUANTITYLENGTH('Schicht/Komponente H\X\F6he (rechteckig, brutto)','',$,1.5,$);
#975=IFCCARTESIANPOINT((0.,0.,0.));
#974=IFCQUANTITYLENGTH('Schicht/Komponente Breite (rechteckig)','',$,0.015,$);
#977=IFCDIRECTION((1.,0.,0.));
#976=IFCDIRECTION((0.,0.,1.));
#968=IFCQUANTITYAREA('Schicht/Komponenten Oberfl\X\E4chenbereich (brutto)','',$,3.,$);
#978=IFCQUANTITYAREA('Schicht/Komponente Querschnittsbereich','',$,0.0225,$);
#981=IFCDIRECTION((1.,0.,0.));
#980=IFCQUANTITYVOLUME('Schicht/Komponenten Volumen (brutto)','',$,0.04499999999999998,$);
#979=IFCQUANTITYVOLUME('Schicht/Komponenten Volumen (netto)','',$,0.04499999999999998,$);
#982=IFCCARTESIANPOINT((0.,0.,0.));
#984=IFCPROPERTYSINGLEVALUE('Enthaltene Energie',$,IFCENERGYMEASURE(5894.999999999997),$);
#983=IFCPROPERTYSINGLEVALUE('Enthaltenes CO2',$,IFCTEXT('288 (kgCO\X2\2082\X0\)'),$);
#985=IFCDIRECTION((0.,0.,1.));
#986=IFCDIRECTION((1.,0.,0.));
#987=IFCPROPERTYSINGLEVALUE('Schicht/Komponenten-Typ',$,IFCTEXT('Kern'),$);
#989=IFCQUANTITYAREA('Schicht/Komponenten Oberfl\X\E4chenbereich (netto)','',$,3.,$);
#988=IFCQUANTITYWEIGHT('Masse','',$,449.9999999999998,$);
#992=IFCPROPERTYSINGLEVALUE('Schicht/Komponenten-Typ',$,IFCTEXT('Kern'),$);
#990=IFCPROPERTYSINGLEVALUE('Enthaltenes CO2',$,IFCTEXT('96 (kgCO\X2\2082\X0\)'),$);
#993=IFCPROPERTYSINGLEVALUE('Enthaltenes CO2',$,IFCTEXT('67.2 (kgCO\X2\2082\X0\)'),$);
#991=IFCPROPERTYSINGLEVALUE('Enthaltene Energie',$,IFCENERGYMEASURE(1965.000000000002),$);
#994=IFCPROPERTYSINGLEVALUE('Enthaltene Energie',$,IFCENERGYMEASURE(1375.499999999998),$);
#996=IFCCARTESIANPOINT((0.,0.,0.));
#998=IFCDIRECTION((1.,0.,0.));
#995=IFCPROPERTYSINGLEVALUE('Schicht/Komponenten-Typ',$,IFCTEXT('Kern'),$);
#997=IFCDIRECTION((0.,0.,1.));
#999=IFCQUANTITYAREA('Schicht/Komponenten Oberfl\X\E4chenbereich (brutto)','',$,3.,$);
#1001=IFCQUANTITYLENGTH('Schicht/Komponente H\X\F6he (rechteckig, brutto)','',$,1.5,$);
#1000=IFCQUANTITYLENGTH('Schichtdicke','',$,0.2999999999999999,$);
#1004=IFCQUANTITYAREA('Schicht/Komponenten Oberfl\X\E4chenbereich (netto)','',$,3.,$);
#1002=IFCQUANTITYLENGTH('Schicht/Komponente Breite (rechteckig)','',$,0.2999999999999999,$);
#1003=IFCQUANTITYWEIGHT('Masse','',$,104.9999999999999,$);
#1005=IFCQUANTITYAREA('Schicht/Komponenten Oberfl\X\E4chenbereich (brutto)','',$,3.,$);
#1007=IFCQUANTITYAREA('Schicht/Komponente Querschnittsbereich','',$,0.4499999999999999,$);
#1006=IFCQUANTITYLENGTH('Schichtdicke','',$,0.07000000000000001,$);
#1008=IFCQUANTITYVOLUME('Schicht/Komponenten Volumen (netto)','',$,0.8999999999999997,$);
#1009=IFCQUANTITYVOLUME('Schicht/Komponenten Volumen (brutto)','',$,0.8999999999999997,$);
#1010=IFCQUANTITYLENGTH('Schicht/Komponente H\X\F6he (rechteckig, brutto)','',$,1.5,$);
#1012=IFCQUANTITYAREA('Schicht/Komponente Querschnittsbereich','',$,0.105,$);
#1011=IFCQUANTITYLENGTH('Schicht/Komponente Breite (rechteckig)','',$,0.07000000000000001,$);
#1013=IFCQUANTITYVOLUME('Schicht/Komponenten Volumen (netto)','',$,0.2099999999999997,$);
#1014=IFCQUANTITYWEIGHT('Masse','',$,150.0000000000002,$);
#1017=IFCQUANTITYLENGTH('Schichtdicke','',$,0.1,$);
#1016=IFCQUANTITYAREA('Schicht/Komponenten Oberfl\X\E4chenbereich (brutto)','',$,3.,$);
#1015=IFCQUANTITYAREA('Schicht/Komponenten Oberfl\X\E4chenbereich (netto)','',$,3.,$);
#1018=IFCQUANTITYLENGTH('Schicht/Komponente H\X\F6he (rechteckig, brutto)','',$,1.5,$);
#1019=IFCQUANTITYLENGTH('Schicht/Komponente Breite (rechteckig)','',$,0.1,$);
#1020=IFCQUANTITYAREA('Schicht/Komponente Querschnittsbereich','',$,0.15,$);
#1023=IFCCARTESIANPOINT((0.,0.,0.));
#1022=IFCQUANTITYVOLUME('Schicht/Komponenten Volumen (brutto)','',$,0.3000000000000003,$);
#1021=IFCQUANTITYVOLUME('Schicht/Komponenten Volumen (netto)','',$,0.3000000000000003,$);
#1024=IFCDIRECTION((0.,0.,1.));
#1027=IFCQUANTITYAREA('Schicht/Komponenten Oberfl\X\E4chenbereich (netto)','',$,3.,$);
#1026=IFCQUANTITYWEIGHT('Masse','',$,18.74999999999996,$);
#1025=IFCDIRECTION((1.,0.,0.));
#1030=IFCQUANTITYLENGTH('Schicht/Komponente H\X\F6he (rechteckig, brutto)','',$,1.5,$);
#1028=IFCQUANTITYAREA('Schicht/Komponenten Oberfl\X\E4chenbereich (brutto)','',$,3.,$);
#1029=IFCQUANTITYLENGTH('Schichtdicke','',$,0.0125,$);
#1032=IFCQUANTITYAREA('Schicht/Komponente Querschnittsbereich','',$,0.01875,$);
#1031=IFCQUANTITYLENGTH('Schicht/Komponente Breite (rechteckig)','',$,0.0125,$);
#1033=IFCPROPERTYSINGLEVALUE('Enthaltenes CO2',$,IFCTEXT('12 (kgCO\X2\2082\X0\)'),$);
#1034=IFCQUANTITYVOLUME('Schicht/Komponenten Volumen (netto)','',$,0.03749999999999992,$);
#1036=IFCPROPERTYSINGLEVALUE('Enthaltene Energie',$,IFCENERGYMEASURE(245.6249999999995),$);
#1037=IFCPROPERTYSINGLEVALUE('Schicht/Komponenten-Typ',$,IFCTEXT('Kern'),$);
#1035=IFCQUANTITYVOLUME('Schicht/Komponenten Volumen (brutto)','',$,0.03749999999999992,$);
#1038=IFCPROPERTYSINGLEVALUE('Enthaltenes CO2',$,IFCTEXT('23.5295 (kgCO\X2\2082\X0\)'),$);
#1040=IFCPROPERTYSINGLEVALUE('Schicht/Komponenten-Typ',$,IFCTEXT('Kern'),$);
#1041=IFCQUANTITYWEIGHT('Masse','',$,36.76479066278987,$);
#1039=IFCPROPERTYSINGLEVALUE('Enthaltene Energie',$,IFCENERGYMEASURE(481.6187576825473),$);
#1044=IFCQUANTITYLENGTH('Schichtdicke','',$,0.024,$);
#1042=IFCQUANTITYAREA('Schicht/Komponenten Oberfl\X\E4chenbereich (netto)','',$,3.063732555232486,$);
#1046=IFCCARTESIANPOINT((0.,0.,0.));
#1043=IFCQUANTITYAREA('Schicht/Komponenten Oberfl\X\E4chenbereich (brutto)','',$,3.063732555232486,$);
#1045=IFCQUANTITYVOLUME('Schicht/Komponenten Volumen (brutto)','',$,0.2099999999999997,$);
#1048=IFCDIRECTION((0.,0.,1.));
#1047=IFCQUANTITYLENGTH('Schicht/Komponente H\X\F6he (rechteckig, brutto)','',$,1.531866277616243,$);
#1050=IFCDIRECTION((1.,0.,0.));
#1049=IFCQUANTITYLENGTH('Schicht/Komponente Breite (rechteckig)','',$,0.024,$);
#1052=IFCQUANTITYVOLUME('Schicht/Komponenten Volumen (netto)','',$,0.07352958132557974,$);
#1053=IFCQUANTITYVOLUME('Schicht/Komponenten Volumen (brutto)','',$,0.07352958132557974,$);
#1051=IFCQUANTITYAREA('Schicht/Komponente Querschnittsbereich','',$,0.03676479066278984,$);
#1056=IFCDIRECTION((1.,0.,0.));
#1055=IFCDIRECTION((0.,0.,1.));
#1054=IFCCARTESIANPOINT((0.,0.,0.));
#1057=IFCQUANTITYWEIGHT('Masse','',$,22.97799416424364,$);
#1058=IFCQUANTITYAREA('Schicht/Komponenten Oberfl\X\E4chenbereich (netto)','',$,3.063732555232486,$);
#1060=IFCQUANTITYLENGTH('Schichtdicke','',$,0.015,$);
#1059=IFCQUANTITYAREA('Schicht/Komponenten Oberfl\X\E4chenbereich (brutto)','',$,3.063732555232486,$);
#1061=IFCQUANTITYWEIGHT('Masse','',$,45.95598832848734,$);
#1062=IFCQUANTITYAREA('Schicht/Komponenten Oberfl\X\E4chenbereich (netto)','',$,3.063732555232486,$);
#1064=IFCPROPERTYSINGLEVALUE('Enthaltenes CO2',$,IFCTEXT('29.4118 (kgCO\X2\2082\X0\)'),$);
#1063=IFCQUANTITYLENGTH('Schicht/Komponente H\X\F6he (rechteckig, brutto)','',$,1.531866277616243,$);
#1066=IFCPROPERTYSINGLEVALUE('Schicht/Komponenten-Typ',$,IFCTEXT('Kern'),$);
#1067=IFCQUANTITYLENGTH('Schicht/Komponente Breite (rechteckig)','',$,0.015,$);
#1065=IFCPROPERTYSINGLEVALUE('Enthaltene Energie',$,IFCENERGYMEASURE(602.0234471031841),$);
#1068=IFCQUANTITYAREA('Schicht/Komponente Querschnittsbereich','',$,0.02297799416424364,$);
#1070=IFCQUANTITYVOLUME('Schicht/Komponenten Volumen (brutto)','',$,0.04595598832848728,$);
#1069=IFCQUANTITYVOLUME('Schicht/Komponenten Volumen (netto)','',$,0.04595598832848728,$);
#1072=IFCPROPERTYSINGLEVALUE('Enthaltene Energie',$,IFCENERGYMEASURE(6020.234471031833),$);
#1073=IFCQUANTITYAREA('Schicht/Komponenten Oberfl\X\E4chenbereich (brutto)','',$,3.063732555232486,$);
#1074=IFCCARTESIANPOINT((0.,0.,0.));
#1071=IFCPROPERTYSINGLEVALUE('Enthaltenes CO2',$,IFCTEXT('294.118 (kgCO\X2\2082\X0\)'),$);
#1076=IFCQUANTITYLENGTH('Schichtdicke','',$,0.03,$);
#1075=IFCDIRECTION((0.,0.,1.));
#1079=IFCQUANTITYAREA('Schicht/Komponente Querschnittsbereich','',$,0.04595598832848729,$);
#1077=IFCQUANTITYLENGTH('Schicht/Komponente H\X\F6he (rechteckig, brutto)','',$,1.531866277616243,$);
#1080=IFCDIRECTION((1.,0.,0.));
#1081=IFCCARTESIANPOINT((0.,0.,0.));
#1078=IFCQUANTITYLENGTH('Schicht/Komponente Breite (rechteckig)','',$,0.03,$);
#1083=IFCDIRECTION((1.,0.,0.));
#1082=IFCDIRECTION((0.,0.,1.));
#1085=IFCQUANTITYVOLUME('Schicht/Komponenten Volumen (netto)','',$,0.09191197665697469,$);
#1086=IFCQUANTITYVOLUME('Schicht/Komponenten Volumen (brutto)','',$,0.09191197665697469,$);
#1084=IFCPROPERTYSINGLEVALUE('Schicht/Komponenten-Typ',$,IFCTEXT('Kern'),$);
#1087=IFCQUANTITYWEIGHT('Masse','',$,459.5598832848727,$);
#1089=IFCPROPERTYSINGLEVALUE('Enthaltene Energie',$,IFCENERGYMEASURE(2006.74482367728),$);
#1088=IFCPROPERTYSINGLEVALUE('Enthaltenes CO2',$,IFCTEXT('98.0394 (kgCO\X2\2082\X0\)'),$);
#1091=IFCPROPERTYSINGLEVALUE('Enthaltenes CO2',$,IFCTEXT('14.7059 (kgCO\X2\2082\X0\)'),$);
#1090=IFCPROPERTYSINGLEVALUE('Schicht/Komponenten-Typ',$,IFCTEXT('Kern'),$);
#1092=IFCPROPERTYSINGLEVALUE('Enthaltene Energie',$,IFCENERGYMEASURE(301.0117235515916),$);
#1093=IFCPROPERTYSINGLEVALUE('Schicht/Komponenten-Typ',$,IFCTEXT('Kern'),$);
#1094=IFCCARTESIANPOINT((0.,0.,0.));
#1097=IFCQUANTITYWEIGHT('Masse','',$,153.1866277616245,$);
#1095=IFCDIRECTION((0.,0.,1.));
#1096=IFCDIRECTION((1.,0.,0.));
#1100=IFCQUANTITYWEIGHT('Masse','',$,107.2306394331369,$);
#1099=IFCQUANTITYAREA('Schicht/Komponenten Oberfl\X\E4chenbereich (netto)','',$,3.063732555232486,$);
#1098=IFCQUANTITYAREA('Schicht/Komponenten Oberfl\X\E4chenbereich (netto)','',$,3.063732555232486,$);
#1102=IFCQUANTITYLENGTH('Schichtdicke','',$,0.2999999999999999,$);
#1101=IFCQUANTITYAREA('Schicht/Komponenten Oberfl\X\E4chenbereich (brutto)','',$,3.063732555232486,$);
#1104=IFCQUANTITYAREA('Schicht/Komponenten Oberfl\X\E4chenbereich (netto)','',$,3.063732555232486,$);
#1103=IFCQUANTITYLENGTH('Schicht/Komponente H\X\F6he (rechteckig, brutto)','',$,1.531866277616243,$);
#1106=IFCQUANTITYLENGTH('Schichtdicke','',$,0.07000000000000001,$);
#1105=IFCQUANTITYAREA('Schicht/Komponenten Oberfl\X\E4chenbereich (brutto)','',$,3.063732555232486,$);
#1108=IFCQUANTITYLENGTH('Schicht/Komponente Breite (rechteckig)','',$,0.2999999999999999,$);
#1107=IFCQUANTITYLENGTH('Schicht/Komponente H\X\F6he (rechteckig, brutto)','',$,1.531866277616243,$);
#1109=IFCQUANTITYAREA('Schicht/Komponente Querschnittsbereich','',$,0.4595598832848728,$);
#1110=IFCQUANTITYVOLUME('Schicht/Komponenten Volumen (netto)','',$,0.9191197665697455,$);
#1113=IFCQUANTITYLENGTH('Schichtdicke','',$,0.1,$);
#1112=IFCQUANTITYAREA('Schicht/Komponenten Oberfl\X\E4chenbereich (brutto)','',$,3.063732555232486,$);
#1111=IFCQUANTITYVOLUME('Schicht/Komponenten Volumen (brutto)','',$,0.9191197665697455,$);
#1116=IFCQUANTITYAREA('Schicht/Komponente Querschnittsbereich','',$,0.1531866277616243,$);
#1114=IFCQUANTITYLENGTH('Schicht/Komponente H\X\F6he (rechteckig, brutto)','',$,1.531866277616243,$);
#1115=IFCQUANTITYLENGTH('Schicht/Komponente Breite (rechteckig)','',$,0.1,$);
#1119=IFCCARTESIANPOINT((0.,0.,0.));
#1117=IFCQUANTITYVOLUME('Schicht/Komponenten Volumen (netto)','',$,0.306373255523249,$);
#1118=IFCQUANTITYVOLUME('Schicht/Komponenten Volumen (brutto)','',$,0.306373255523249,$);
#1120=IFCPROPERTYSINGLEVALUE('Enthaltenes CO2',$,IFCTEXT('68.6276 (kgCO\X2\2082\X0\)'),$);
#1122=IFCDIRECTION((0.,0.,1.));
#1124=IFCDIRECTION((1.,0.,0.));
#1121=IFCPROPERTYSINGLEVALUE('Enthaltene Energie',$,IFCENERGYMEASURE(1404.721376574093),$);
#1123=IFCPROPERTYSINGLEVALUE('Schicht/Komponenten-Typ',$,IFCTEXT('Kern'),$);
#1125=IFCQUANTITYWEIGHT('Masse','',$,19.148328470203,$);
#1126=IFCQUANTITYAREA('Schicht/Komponenten Oberfl\X\E4chenbereich (netto)','',$,3.063732555232486,$);
#1127=IFCQUANTITYAREA('Schicht/Komponenten Oberfl\X\E4chenbereich (brutto)','',$,3.063732555232486,$);
#1128=IFCQUANTITYLENGTH('Schichtdicke','',$,0.0125,$);
#1129=IFCQUANTITYLENGTH('Schicht/Komponente H\X\F6he (rechteckig, brutto)','',$,1.531866277616243,$);
#1131=IFCQUANTITYAREA('Schicht/Komponente Querschnittsbereich','',$,0.01914832847020304,$);
#1130=IFCQUANTITYLENGTH('Schicht/Komponente Breite (rechteckig)','',$,0.0125,$);
#1133=IFCQUANTITYVOLUME('Schicht/Komponenten Volumen (brutto)','',$,0.03829665694040599,$);
#1132=IFCQUANTITYVOLUME('Schicht/Komponenten Volumen (netto)','',$,0.03829665694040599,$);
#1135=IFCQUANTITYAREA('Schicht/Komponente Querschnittsbereich','',$,0.107230639433137,$);
#1134=IFCQUANTITYLENGTH('Schicht/Komponente Breite (rechteckig)','',$,0.07000000000000001,$);
#1138=IFCCARTESIANPOINT((0.,0.,0.));
#1136=IFCQUANTITYVOLUME('Schicht/Komponenten Volumen (netto)','',$,0.2144612788662738,$);
#1139=IFCDIRECTION((0.,0.,1.));
#1153=IFCQUANTITYVOLUME('Schicht/Komponenten Volumen (brutto)','',$,0.2400000000000003,$);
#1149=IFCRELDEFINESBYPROPERTIES('1weYqHrXFTvNp17tkUPX9N',#2,$,$,(#752),#1594);
#1152=IFCQUANTITYVOLUME('Schicht/Komponenten Volumen (netto)','',$,0.2400000000000003,$);
#1151=IFCRELDEFINESBYPROPERTIES('2KrYgkyYRgj0raWPRZ1yDU',#2,$,$,(#752),#1593);
#1155=IFCRELDEFINESBYPROPERTIES('3s3KRFs2KNSaSICjG5_hF6',#2,$,$,(#752),#1597);
#1156=IFCRELDEFINESBYPROPERTIES('2H8NE0e7sjYHsiCHkK$2$_',#2,$,$,(#752),#1595);
#1154=IFCRELDEFINESBYPROPERTIES('2xMGL6jR$JJntSXna5RSnA',#2,$,$,(#752),#1596);
#1150=IFCRELDEFINESBYPROPERTIES('3OQgL8q4BmjC35IzshmfAC',#2,$,$,(#752),#1592);
#1146=IFCQUANTITYAREA('Schicht/Komponenten Oberfl\X\E4chenbereich (brutto)','',$,4.000000000000002,$);
#1148=IFCCARTESIANPOINT((0.,0.,0.));
#1145=IFCQUANTITYAREA('Schicht/Komponenten Oberfl\X\E4chenbereich (netto)','',$,4.000000000000002,$);
#1157=IFCDIRECTION((0.,0.,1.));
#1147=IFCQUANTITYLENGTH('Schichtdicke','',$,0.06,$);
#1143=IFCPROPERTYSINGLEVALUE('Schicht/Komponenten-Typ',$,IFCTEXT('Kern'),$);
#1144=IFCQUANTITYWEIGHT('Masse','',$,120.0000000000001,$);
#1142=IFCPROPERTYSINGLEVALUE('Enthaltene Energie',$,IFCENERGYMEASURE(250.8431029596593),$);
#1141=IFCPROPERTYSINGLEVALUE('Enthaltenes CO2',$,IFCTEXT('12.2549 (kgCO\X2\2082\X0\)'),$);
#1137=IFCQUANTITYVOLUME('Schicht/Komponenten Volumen (brutto)','',$,0.2144612788662738,$);
#1158=IFCDIRECTION((1.,0.,0.));
#1159=IFCCARTESIANPOINT((0.,0.,0.));
#1140=IFCDIRECTION((1.,0.,0.));
#1161=IFCDIRECTION((1.,0.,0.));
#1160=IFCDIRECTION((0.,0.,1.));
#1162=IFCQUANTITYWEIGHT('Masse','',$,0.3999999999999561,$);
#1164=IFCPROPERTYSINGLEVALUE('Enthaltenes CO2',$,IFCTEXT('0.256 (kgCO\X2\2082\X0\)'),$);
#1163=IFCQUANTITYAREA('Schicht/Komponenten Oberfl\X\E4chenbereich (netto)','',$,4.000000000000002,$);
#1167=IFCQUANTITYLENGTH('Schichtdicke','',$,0.0002,$);
#1165=IFCPROPERTYSINGLEVALUE('Enthaltene Energie',$,IFCENERGYMEASURE(5.239999999999425),$);
#1166=IFCQUANTITYAREA('Schicht/Komponenten Oberfl\X\E4chenbereich (brutto)','',$,4.000000000000002,$);
#1170=IFCPROPERTYSINGLEVALUE('Schicht/Komponenten-Typ',$,IFCTEXT('Kern'),$);
#1168=IFCQUANTITYVOLUME('Schicht/Komponenten Volumen (netto)','',$,0.0007999999999999122,$);
#1169=IFCQUANTITYVOLUME('Schicht/Komponenten Volumen (brutto)','',$,0.0007999999999999122,$);
#1171=IFCPROPERTYSINGLEVALUE('Enthaltenes CO2',$,IFCTEXT('51.2 (kgCO\X2\2082\X0\)'),$);
#1174=IFCCARTESIANPOINT((0.,0.,0.));
#1172=IFCPROPERTYSINGLEVALUE('Enthaltene Energie',$,IFCENERGYMEASURE(1048.000000000001),$);
#1173=IFCPROPERTYSINGLEVALUE('Schicht/Komponenten-Typ',$,IFCTEXT('Kern'),$);
#1176=IFCDIRECTION((1.,0.,0.));
#1177=IFCPROPERTYSINGLEVALUE('Enthaltenes CO2',$,IFCTEXT('28.16 (kgCO\X2\2082\X0\)'),$);
#1175=IFCDIRECTION((0.,0.,1.));
#1178=IFCPROPERTYSINGLEVALUE('Enthaltene Energie',$,IFCENERGYMEASURE(576.4000000000007),$);
#1180=IFCPROPERTYSINGLEVALUE('Enthaltenes CO2',$,IFCTEXT('76.8 (kgCO\X2\2082\X0\)'),$);
#1179=IFCPROPERTYSINGLEVALUE('Schicht/Komponenten-Typ',$,IFCTEXT('Kern'),$);
#1183=IFCCARTESIANPOINT((0.,0.,0.));
#1182=IFCPROPERTYSINGLEVALUE('Schicht/Komponenten-Typ',$,IFCTEXT('Kern'),$);
#1181=IFCPROPERTYSINGLEVALUE('Enthaltene Energie',$,IFCENERGYMEASURE(1572.000000000002),$);
#1184=IFCDIRECTION((0.,0.,1.));
#1185=IFCQUANTITYWEIGHT('Masse','',$,44.00000000000005,$);
#1187=IFCDIRECTION((1.,0.,0.));
#1188=IFCQUANTITYAREA('Schicht/Komponenten Oberfl\X\E4chenbereich (brutto)','',$,4.000000000000002,$);
#1189=IFCQUANTITYLENGTH('Schichtdicke','',$,0.022,$);
#1186=IFCQUANTITYAREA('Schicht/Komponenten Oberfl\X\E4chenbereich (netto)','',$,4.000000000000002,$);
#1190=IFCQUANTITYVOLUME('Schicht/Komponenten Volumen (netto)','',$,0.08800000000000011,$);
#1192=IFCPROPERTYSINGLEVALUE('Enthaltenes CO2',$,IFCTEXT('307.2 (kgCO\X2\2082\X0\)'),$);
#1191=IFCQUANTITYVOLUME('Schicht/Komponenten Volumen (brutto)','',$,0.08800000000000011,$);
#1195=IFCQUANTITYWEIGHT('Masse','',$,480.0000000000002,$);
#1193=IFCPROPERTYSINGLEVALUE('Enthaltene Energie',$,IFCENERGYMEASURE(6288.000000000003),$);
#1194=IFCPROPERTYSINGLEVALUE('Schicht/Komponenten-Typ',$,IFCTEXT('Kern'),$);
#1197=IFCQUANTITYWEIGHT('Masse','',$,80.0000000000001,$);
#1196=IFCQUANTITYAREA('Schicht/Komponenten Oberfl\X\E4chenbereich (netto)','',$,4.000000000000002,$);
#1199=IFCQUANTITYAREA('Schicht/Komponenten Oberfl\X\E4chenbereich (brutto)','',$,4.000000000000002,$);
#1198=IFCQUANTITYAREA('Schicht/Komponenten Oberfl\X\E4chenbereich (netto)','',$,4.000000000000002,$);
#1200=IFCQUANTITYLENGTH('Schichtdicke','',$,0.04,$);
#1201=IFCQUANTITYAREA('Schicht/Komponenten Oberfl\X\E4chenbereich (brutto)','',$,4.000000000000002,$);
#1203=IFCCARTESIANPOINT((0.,0.,0.));
#1202=IFCQUANTITYLENGTH('Schichtdicke','',$,0.24,$);
#1204=IFCQUANTITYVOLUME('Schicht/Komponenten Volumen (netto)','',$,0.1600000000000002,$);
#1205=IFCDIRECTION((0.,0.,1.));
#1208=IFCDIRECTION((1.,0.,0.));
#1206=IFCQUANTITYVOLUME('Schicht/Komponenten Volumen (netto)','',$,0.9600000000000004,$);
#1207=IFCQUANTITYVOLUME('Schicht/Komponenten Volumen (brutto)','',$,0.9600000000000004,$);
#1210=IFCPROPERTYSINGLEVALUE('Enthaltene Energie',$,IFCENERGYMEASURE(5.239999999999425),$);
#1211=IFCPROPERTYSINGLEVALUE('Schicht/Komponenten-Typ',$,IFCTEXT('Kern'),$);
#1212=IFCCARTESIANPOINT((0.,0.,0.));
#1213=IFCDIRECTION((0.,0.,1.));
#1214=IFCDIRECTION((1.,0.,0.));
#1215=IFCQUANTITYWEIGHT('Masse','',$,0.3999999999999561,$);
#1209=IFCPROPERTYSINGLEVALUE('Enthaltenes CO2',$,IFCTEXT('0.256 (kgCO\X2\2082\X0\)'),$);
#1216=IFCQUANTITYAREA('Schicht/Komponenten Oberfl\X\E4chenbereich (netto)','',$,4.000000000000002,$);
#1217=IFCQUANTITYVOLUME('Schicht/Komponenten Volumen (brutto)','',$,0.1600000000000002,$);
#1219=IFCQUANTITYLENGTH('Schichtdicke','',$,0.0002,$);
#1218=IFCQUANTITYAREA('Schicht/Komponenten Oberfl\X\E4chenbereich (brutto)','',$,4.000000000000002,$);
#1220=IFCQUANTITYVOLUME('Schicht/Komponenten Volumen (netto)','',$,0.0007999999999999122,$);
#1221=IFCPROPERTYSINGLEVALUE('Enthaltenes CO2',$,IFCTEXT('34.56 (kgCO\X2\2082\X0\)'),$);
#1222=IFCPROPERTYSINGLEVALUE('Enthaltene Energie',$,IFCENERGYMEASURE(707.3999999999978),$);
#1223=IFCPROPERTYSINGLEVALUE('Schicht/Komponenten-Typ',$,IFCTEXT('Kern'),$);
#1225=IFCQUANTITYWEIGHT('Masse','',$,53.99999999999984,$);
#1224=IFCQUANTITYVOLUME('Schicht/Komponenten Volumen (brutto)','',$,0.0007999999999999122,$);
#1228=IFCDIRECTION((0.,0.,1.));
#1226=IFCQUANTITYAREA('Schicht/Komponenten Oberfl\X\E4chenbereich (netto)','',$,4.000000000000002,$);
#1227=IFCCARTESIANPOINT((0.,0.,0.));
#1229=IFCDIRECTION((1.,0.,0.));
#1232=IFCDIRECTION((-1.,0.,0.));
#1231=IFCDIRECTION((0.,0.,1.));
#1230=IFCCARTESIANPOINT((0.4879423145474064,0.9073460709682164,-0.5));
#1235=IFCQUANTITYVOLUME('Schicht/Komponenten Volumen (netto)','',$,0.1079999999999997,$);
#1233=IFCQUANTITYAREA('Schicht/Komponenten Oberfl\X\E4chenbereich (brutto)','',$,4.000000000000002,$);
#1234=IFCQUANTITYLENGTH('Schichtdicke','',$,0.027,$);
#1237=IFCQUANTITYWEIGHT('Masse','',$,24.99999999999992,$);
#1238=IFCQUANTITYAREA('Schicht/Komponenten Oberfl\X\E4chenbereich (netto)','',$,4.000000000000002,$);
#1236=IFCQUANTITYVOLUME('Schicht/Komponenten Volumen (brutto)','',$,0.1079999999999997,$);
#1241=IFCPROPERTYSINGLEVALUE('Enthaltenes CO2',$,IFCTEXT('16 (kgCO\X2\2082\X0\)'),$);
#1239=IFCQUANTITYAREA('Schicht/Komponenten Oberfl\X\E4chenbereich (brutto)','',$,4.000000000000002,$);
#1240=IFCQUANTITYLENGTH('Schichtdicke','',$,0.0125,$);
#1244=IFCPROPERTYSINGLEVALUE('Enthaltene Energie',$,IFCENERGYMEASURE(327.499999999999),$);
#1243=IFCQUANTITYVOLUME('Schicht/Komponenten Volumen (brutto)','',$,0.04999999999999984,$);
#1242=IFCQUANTITYVOLUME('Schicht/Komponenten Volumen (netto)','',$,0.04999999999999984,$);
#1245=IFCPROPERTYSINGLEVALUE('Schicht/Komponenten-Typ',$,IFCTEXT('Kern'),$);
#1247=IFCPROPERTYSINGLEVALUE('Reference',$,IFCIDENTIFIER('WandInstanz'),$);
#1249=IFCPROPERTYSINGLEVALUE('ExtendToStructure',$,IFCBOOLEAN(.F.),$);
#1248=IFCPROPERTYSINGLEVALUE('FireRating',$,IFCLABEL('REI90'),$);
#1246=IFCCLASSIFICATION('www.archicad.de','0','2022-03-30','Archicad Klassifizierung','Standard Archicad Klassifizierung f\X\FCr Bauelemente  und Baustoffe','www.archicad.de',$);
#1250=IFCPROPERTYSINGLEVALUE('IsExternal',$,IFCBOOLEAN(.T.),$);
#1251=IFCPROPERTYENUMERATEDVALUE('Status',$,(IFCLABEL('EXISTING')),#1598);
#1252=IFCPROPERTYSINGLEVALUE('LoadBearing',$,IFCBOOLEAN(.T.),$);
#1255=IFCPROPERTYSINGLEVALUE('Reference',$,IFCLABEL('WandInstanz'),$);
#1254=IFCPROPERTYSINGLEVALUE('Reference',$,IFCIDENTIFIER('WandInstanz'),$);
#1253=IFCPROPERTYSET('3C$smS3a9hdzJPiwnTMa_2',#2,'Pset_WallCommon',$,(#1599,#1600,#1601));
#1257=IFCDIRECTION((0.,0.,1.));
#1256=IFCCARTESIANPOINT((0.4879423145474064,0.9073460709682163,1.4019));
#1260=IFCPROPERTYSINGLEVALUE('Geometriemethode',$,IFCLABEL('Uni'),$);
#1259=IFCPROPERTYSINGLEVALUE('Wandkomplexit\X\E4t',$,IFCLABEL('gerade'),$);
#1258=IFCDIRECTION((-1.,0.,0.));
#1262=IFCPROPERTYSINGLEVALUE('Innenseite Oberfl\X\E4che',$,IFCLABEL('Braun Holz'),$);
#1263=IFCQUANTITYLENGTH('Length',$,$,2.,$);
#1261=IFCPROPERTYSINGLEVALUE('Lage der Referenzlinie',$,IFCLABEL('Au\X\DFen'),$);
#1266=IFCPROPERTYSINGLEVALUE('Au\X\DFenseite Oberfl\X\E4che',$,IFCLABEL('Braun Holz'),$);
#1265=IFCQUANTITYLENGTH('Width',$,$,0.5515,$);
#1264=IFCQUANTITYLENGTH('Height',$,$,1.5,$);
#1267=IFCPROPERTYSINGLEVALUE('Wand Innerer Neigungswinkel',$,IFCPLANEANGLEMEASURE(90.),$);
#1268=IFCQUANTITYAREA('GrossFootprintArea',$,$,1.103,$);
#1269=IFCQUANTITYAREA('NetFootprintArea',$,$,1.103,$);
#1271=IFCQUANTITYAREA('NetSideArea',$,$,3.,$);
#1270=IFCQUANTITYAREA('GrossSideArea',$,$,3.,$);
#1272=IFCPROPERTYSINGLEVALUE('Wand \X\C4u\X\DFerer Neigungswinkel',$,IFCPLANEANGLEMEASURE(90.),$);
#1274=IFCPROPERTYSINGLEVALUE('Bestandteilgeometrie manuell bearbeitet',$,IFCBOOLEAN(.F.),$);
#1273=IFCPROPERTYSINGLEVALUE('Erzeugen des Tragwerksanalyse-Modells',$,IFCBOOLEAN(.T.),$);
#1275=IFCPROPERTYSINGLEVALUE('Element ID',$,IFCLABEL('WandInstanz'),$);
#1276=IFCQUANTITYVOLUME('GrossVolume',$,$,1.6545,$);
#1277=IFCQUANTITYVOLUME('NetVolume',$,$,1.6545,$);
#1279=IFCPROPERTYSINGLEVALUE('Ebene',$,IFCLABEL('dataholzLayer.IFC Modell'),$);
#1280=IFCPROPERTYSINGLEVALUE('Eindeutige ID',$,IFCLABEL('728221F5-231B-4533-8F12-0E206CFFDB43'),$);
#1278=IFCPROPERTYSINGLEVALUE('Hotlink und Element-ID',$,IFCLABEL('WandInstanz'),$);
#1282=IFCPROPERTYSINGLEVALUE('ExtendToStructure',$,IFCBOOLEAN(.F.),$);
#1281=IFCPROPERTYSINGLEVALUE('Reference',$,IFCIDENTIFIER('WandInstanz'),$);
#1283=IFCPROPERTYSINGLEVALUE('FireRating',$,IFCLABEL('REI90'),$);
#1284=IFCPROPERTYSINGLEVALUE('Archicad IFC ID',$,IFCLABEL('1oWY7r8nj5CuyI3Y1i$zj3'),$);
#1288=IFCPROPERTYSINGLEVALUE('IsExternal',$,IFCBOOLEAN(.T.),$);
#1286=IFCPROPERTYSINGLEVALUE('Mehrschichtige Bauteile',$,IFCLABEL('Basic Wall:WandInstanz'),$);
#1287=IFCPROPERTYSINGLEVALUE('Externe IFC ID',$,IFCLABEL('1IoXKV3UD9EAy5OOpLu4JJ'),$);
#1285=IFCPROPERTYSINGLEVALUE('Baustoff / Mehrschichtiger Aufbau / Profil / Schraffur',$,IFCLABEL('Basic Wall:WandInstanz'),$);
#1289=IFCPROPERTYENUMERATEDVALUE('Status',$,(IFCLABEL('EXISTING')),#1598);
#1290=IFCPROPERTYSINGLEVALUE('LoadBearing',$,IFCBOOLEAN(.T.),$);
#1292=IFCPROPERTYSINGLEVALUE('Zugeh\X\F6riger Raumname',$,IFCLABEL(''),$);
#1293=IFCPROPERTYSINGLEVALUE('Zugeh\X\F6rige Raumnummer',$,IFCLABEL(''),$);
#1291=IFCPROPERTYSINGLEVALUE('Kollidierende R\X\E4ume',$,IFCLABEL(''),$);
#1295=IFCPROPERTYSINGLEVALUE('Verkn\X\FCpfte \X\C4nderungen',$,IFCLABEL(''),$);
#1294=IFCPROPERTYSINGLEVALUE('Gesch\X\FCtzt',$,IFCBOOLEAN(.F.),$);
#1297=IFCPROPERTYSINGLEVALUE('Ursprungsgeschoss Nummer',$,IFCLABEL('0'),$);
#1298=IFCPROPERTYSINGLEVALUE('Name des Eigenschafts-Objekts',$,IFCLABEL(''),$);
#1296=IFCPROPERTYSINGLEVALUE('Ursprungsgeschoss Name',$,IFCLABEL('EG'),$);
#1299=IFCPROPERTYSINGLEVALUE('Element-Typ',$,IFCLABEL('Wand'),$);
#1302=IFCPROPERTYSINGLEVALUE('Reference',$,IFCLABEL('WandInstanz'),$);
#1300=IFCPROPERTYSINGLEVALUE('Absolutes Geschoss f\X\FCr Oberkantenverkn\X\FCpfung',$,IFCLABEL('Nicht verkn\X\FCpft'),$);
#1301=IFCPROPERTYSINGLEVALUE('Relatives Geschoss f\X\FCr Oberkantenverkn\X\FCpfung',$,IFCLABEL('Nicht verkn\X\FCpft'),$);
#1304=IFCPROPERTYSINGLEVALUE('Struktur-Typ',$,IFCLABEL('Mehrschicht'),$);
#1303=IFCPROPERTYSINGLEVALUE('Geschoss f\X\FCr Oberkantenverkn\X\FCpfung',$,IFCLABEL('Nicht verkn\X\FCpft'),$);
#1307=IFCPROPERTYSINGLEVALUE('Oberfl\X\E4che (Alle)',$,IFCLABEL('Braun Holz'),$);
#1305=IFCPROPERTYSINGLEVALUE('\X\DCberobjekt-ID',$,IFCLABEL('WandInstanz'),$);
#1309=IFCPROPERTYSINGLEVALUE('Reference',$,IFCIDENTIFIER('WandInstanz'),$);
#1306=IFCPROPERTYSINGLEVALUE('Baustoffe (Alle)',$,IFCLABEL('Grau Gipsplatten; Braun Holz; Braun Holz; Braun Holz; Braun Holzwerkstoffe; Braun Holz; Braun Holz'),$);
#1308=IFCPROPERTYSINGLEVALUE('Hotlink Master-ID',$,IFCLABEL(''),$);
#1310=IFCPROPERTYSINGLEVALUE('Neigungswinkel',$,IFCPLANEANGLEMEASURE(90.),$);
#1312=IFCPROPERTYSINGLEVALUE('Anzahl der \X\D6ffnungen',$,IFCINTEGER(0),$);
#1311=IFCPROPERTYSINGLEVALUE('ID der verbundenen \X\D6ffnungen',$,IFCLABEL(''),$);
#1313=IFCPROPERTYSINGLEVALUE('Oberfl\X\E4che Kante',$,IFCLABEL('Braun Holz'),$);
#1314=IFCPROPERTYSINGLEVALUE('Wandkomplexit\X\E4t',$,IFCLABEL('gerade'),$);
#1315=IFCPROPERTYSINGLEVALUE('Geometriemethode',$,IFCLABEL('Uni'),$);
#1316=IFCPROPERTYSINGLEVALUE('Lage der Referenzlinie',$,IFCLABEL('Au\X\DFen'),$);
#1319=IFCPROPERTYSINGLEVALUE('Wand Innerer Neigungswinkel',$,IFCPLANEANGLEMEASURE(90.),$);
#1317=IFCPROPERTYSINGLEVALUE('Innenseite Oberfl\X\E4che',$,IFCLABEL('Braun Holz'),$);
#1320=IFCPROPERTYSINGLEVALUE('Wand \X\C4u\X\DFerer Neigungswinkel',$,IFCPLANEANGLEMEASURE(90.),$);
#1321=IFCPROPERTYSINGLEVALUE('Erzeugen des Tragwerksanalyse-Modells',$,IFCBOOLEAN(.T.),$);
#1318=IFCPROPERTYSINGLEVALUE('Au\X\DFenseite Oberfl\X\E4che',$,IFCLABEL('Braun Holz'),$);
#1324=IFCPROPERTYSINGLEVALUE('Varianten-Set Name',$,IFCLABEL('Hauptmodell'),$);
#1323=IFCPROPERTYSINGLEVALUE('Varianten Name',$,IFCLABEL('Hauptmodell'),$);
#1322=IFCPROPERTYSINGLEVALUE('Bestandteilgeometrie manuell bearbeitet',$,IFCBOOLEAN(.F.),$);
#1327=IFCPROPERTYSINGLEVALUE('Umbau-Status',$,IFCLABEL('Bestand'),$);
#1326=IFCPROPERTYSINGLEVALUE('Lage',$,IFCLABEL('Au\X\DFen'),$);
#1328=IFCPROPERTYSINGLEVALUE('Anzeigen auf Umbau-Filter',$,IFCLABEL('Alle relevanten Filter'),$);
#1325=IFCPROPERTYSINGLEVALUE('Tragende Funktion',$,IFCLABEL('Tragende Elemente'),$);
#1329=IFCPROPERTYSINGLEVALUE('Varianten-Status',$,IFCLABEL('Hauptmodell'),$);
#1332=IFCPROPERTYSINGLEVALUE('Hotlink und Element-ID',$,IFCLABEL('WandInstanz'),$);
#1330=IFCPROPERTYSINGLEVALUE('Varianten-Set',$,IFCLABEL('Hauptmodell'),$);
#1331=IFCPROPERTYSINGLEVALUE('Element ID',$,IFCLABEL('WandInstanz'),$);
#1333=IFCPROPERTYSINGLEVALUE('Ebene',$,IFCLABEL('dataholzLayer.IFC Modell'),$);
#1334=IFCPROPERTYSINGLEVALUE('Eindeutige ID',$,IFCLABEL('6766919F-4988-4278-9E6D-3811B8CF42A8'),$);
#1335=IFCPROPERTYSINGLEVALUE('Archicad IFC ID',$,IFCLABEL('1dPf6VIOX2U9vjE16upqAe'),$);
#1338=IFCPROPERTYSINGLEVALUE('Externe IFC ID',$,IFCLABEL('2fxFcjIGzAi9j4zqEuYkW2'),$);
#1337=IFCPROPERTYSINGLEVALUE('Mehrschichtige Bauteile',$,IFCLABEL('Basic Wall:WandInstanz'),$);
#1336=IFCPROPERTYSINGLEVALUE('Baustoff / Mehrschichtiger Aufbau / Profil / Schraffur',$,IFCLABEL('Basic Wall:WandInstanz'),$);
#1340=IFCPROPERTYSINGLEVALUE('Zugeh\X\F6riger Raumname',$,IFCLABEL(''),$);
#1341=IFCPROPERTYSINGLEVALUE('Zugeh\X\F6rige Raumnummer',$,IFCLABEL(''),$);
#1339=IFCPROPERTYSINGLEVALUE('Kollidierende R\X\E4ume',$,IFCLABEL(''),$);
#1343=IFCPROPERTYSINGLEVALUE('Verkn\X\FCpfte \X\C4nderungen',$,IFCLABEL(''),$);
#1342=IFCPROPERTYSINGLEVALUE('Gesch\X\FCtzt',$,IFCBOOLEAN(.F.),$);
#1345=IFCPROPERTYSINGLEVALUE('Ursprungsgeschoss Nummer',$,IFCLABEL('0'),$);
#1344=IFCPROPERTYSINGLEVALUE('Ursprungsgeschoss Name',$,IFCLABEL('EG'),$);
#1347=IFCQUANTITYCOUNT('Anzahl der Durchbr\X\FCche (Anzahl der leeren \X\D6ffnungen)',$,$,0.,$);
#1348=IFCQUANTITYCOUNT('Anzahl der Fenster',$,$,0.,$);
#1346=IFCQUANTITYCOUNT('Anzahl der T\X\FCren',$,$,0.,$);
#1350=IFCPROPERTYSINGLEVALUE('Element-Typ',$,IFCLABEL('Wand'),$);
#1349=IFCPROPERTYSINGLEVALUE('Name des Eigenschafts-Objekts',$,IFCLABEL(''),$);
#1352=IFCQUANTITYCOUNT('Anzahl der St\X\FCtzen',$,$,0.,$);
#1351=IFCPROPERTYSINGLEVALUE('Absolutes Geschoss f\X\FCr Oberkantenverkn\X\FCpfung',$,IFCLABEL('Nicht verkn\X\FCpft'),$);
#1353=IFCQUANTITYVOLUME('Volumen der St\X\FCtzen',$,$,0.,$);
#1354=IFCQUANTITYLENGTH('Maximale H\X\F6he der Wandschicht an der Innenseite',$,$,1.531866277616243,$);
#1367=IFCQUANTITYLENGTH('Dicke der Wandkomponente an der Au\X\DFenfl\X\E4che',$,$,0.0125,$);
#1369=IFCQUANTITYLENGTH('Kombinierte Breite der Fenster',$,$,0.,$);
#1368=IFCQUANTITYAREA('Fl\X\E4che der Fenster',$,$,0.,$);
#1366=IFCQUANTITYLENGTH('Dicke der Wandkomponente an der Innenfl\X\E4che',$,$,0.024,$);
#1365=IFCQUANTITYLENGTH('Kombinierte Breite der T\X\FCren',$,$,0.,$);
#1370=IFCQUANTITYVOLUME('Volumen der Wandkomponente an der Innenfl\X\E4che (netto)',$,$,0.07352958132557974,$);
#1363=IFCPROPERTYSINGLEVALUE('Geschoss f\X\FCr Oberkantenverkn\X\FCpfung',$,IFCLABEL('Nicht verkn\X\FCpft'),$);
#1362=IFCPROPERTYSINGLEVALUE('Relatives Geschoss f\X\FCr Oberkantenverkn\X\FCpfung',$,IFCLABEL('Nicht verkn\X\FCpft'),$);
#1364=IFCPROPERTYSINGLEVALUE('Struktur-Typ',$,IFCLABEL('Mehrschicht'),$);
#1361=IFCQUANTITYAREA('Fl\X\E4che der T\X\FCren',$,$,0.,$);
#1372=IFCQUANTITYAREA('Analytische Oberfl\X\E4che der \X\D6ffnungen an der Innenseite',$,$,0.,$);
#1371=IFCQUANTITYVOLUME('Volumen der Wandkomponente an der Au\X\DFenfl\X\E4che (netto)',$,$,0.03829665694040599,$);
#1359=IFCQUANTITYLENGTH('Minimale H\X\F6he der Wandschicht an der Au\X\DFenseite',$,$,1.531866277616243,$);
#1358=IFCQUANTITYLENGTH('Maximale H\X\F6he der Wandschicht an der Au\X\DFenseite',$,$,1.531866277616243,$);
#1360=IFCQUANTITYLENGTH('Luftschichtdicke',$,$,0.,$);
#1357=IFCQUANTITYLENGTH('Minimale H\X\F6he der Wand',$,$,1.531866277616243,$);
#1356=IFCQUANTITYLENGTH('Maximale H\X\F6he der Wand',$,$,1.531866277616243,$);
#1355=IFCQUANTITYLENGTH('Minimale H\X\F6he der Wandschicht an der Innenseite',$,$,1.531866277616243,$);
#1373=IFCQUANTITYAREA('Analytische Oberfl\X\E4che der \X\D6ffnungen an der Au\X\DFenseite',$,$,0.,$);
#1375=IFCPROPERTYSINGLEVALUE('\X\DCberobjekt-ID',$,IFCLABEL('WandInstanz'),$);
#1374=IFCQUANTITYLENGTH('Durchschnittliche L\X\E4nge der Wand',$,$,2.,$);
#1376=IFCPROPERTYSINGLEVALUE('Baustoffe (Alle)',$,IFCLABEL('Grau Gipsplatten; Braun Holz; Braun Holz; Braun Holz; Braun Holzwerkstoffe; Braun Holz; Braun Holz'),$);
#1378=IFCQUANTITYAREA('Oberfl\X\E4chenbereich der Wand-Innenfl\X\E4che (netto)',$,$,3.063732555232486,$);
#1377=IFCPROPERTYSINGLEVALUE('Oberfl\X\E4che (Alle)',$,IFCLABEL('Braun Holz'),$);
#1379=IFCQUANTITYAREA('Oberfl\X\E4chenbereich der Wand-Au\X\DFenfl\X\E4che (netto)',$,$,3.063732555232486,$);
#1381=IFCQUANTITYLENGTH('L\X\E4nge der Referenzlinie',$,$,2.,$);
#1380=IFCQUANTITYVOLUME('Analytisches Volumen der \X\D6ffnungen',$,$,0.,$);
#1384=IFCPROPERTYSINGLEVALUE('Hotlink Master-ID',$,IFCLABEL(''),$);
#1383=IFCQUANTITYAREA('Oberfl\X\E4chenbereich der Wand-Innenfl\X\E4che (konditional)',$,$,3.063732555232486,$);
#1382=IFCQUANTITYLENGTH('L\X\E4nge der Wand-Innenfl\X\E4che (konditional)',$,$,2.,$);
#1388=IFCPROPERTYSINGLEVALUE('Oberfl\X\E4che Kante',$,IFCLABEL('Braun Holz'),$);
#1385=IFCPROPERTYSINGLEVALUE('Neigungswinkel',$,IFCPLANEANGLEMEASURE(90.),$);
#1386=IFCPROPERTYSINGLEVALUE('ID der verbundenen \X\D6ffnungen',$,IFCLABEL(''),$);
#1389=IFCPROPERTYSINGLEVALUE('Varianten Name',$,IFCLABEL('Hauptmodell'),$);
#1387=IFCPROPERTYSINGLEVALUE('Anzahl der \X\D6ffnungen',$,IFCINTEGER(0),$);
#1393=IFCPROPERTYSINGLEVALUE('Umbau-Status',$,IFCLABEL('Bestand'),$);
#1391=IFCPROPERTYSINGLEVALUE('Tragende Funktion',$,IFCLABEL('Tragende Elemente'),$);
#1392=IFCPROPERTYSINGLEVALUE('Lage',$,IFCLABEL('Au\X\DFen'),$);
#1390=IFCPROPERTYSINGLEVALUE('Varianten-Set Name',$,IFCLABEL('Hauptmodell'),$);
#1394=IFCPROPERTYSINGLEVALUE('Anzeigen auf Umbau-Filter',$,IFCLABEL('Alle relevanten Filter'),$);
#1395=IFCPROPERTYSINGLEVALUE('Varianten-Status',$,IFCLABEL('Hauptmodell'),$);
#1397=IFCQUANTITYLENGTH('L\X\E4nge der Wand-Au\X\DFenfl\X\E4che (konditional)',$,$,2.,$);
#1396=IFCPROPERTYSINGLEVALUE('Varianten-Set',$,IFCLABEL('Hauptmodell'),$);
#1400=IFCQUANTITYVOLUME('Volumen der Wand-Au\X\DFenfl\X\E4chenkomponente (konditional)',$,$,0.03829665694040594,$);
#1398=IFCQUANTITYAREA('Oberfl\X\E4chenbereich der Wand-Au\X\DFenfl\X\E4che (konditional)',$,$,3.063732555232486,$);
#1401=IFCQUANTITYAREA('Oberfl\X\E4chenbereich der Wand-Innenfl\X\E4che (brutto)',$,$,3.063732555232486,$);
#1402=IFCQUANTITYAREA('Oberfl\X\E4chenbereich der Wand-Au\X\DFenfl\X\E4che (brutto)',$,$,3.063732555232486,$);
#1399=IFCQUANTITYVOLUME('Volumen der Wand-Innenfl\X\E4chenkomponente (konditional)',$,$,0.07352958132557974,$);
#1405=IFCQUANTITYLENGTH('Wandl\X\E4nge an der Innenseite',$,$,2.,$);
#1403=IFCQUANTITYLENGTH('Wandst\X\E4rke am Ende',$,$,0.5515,$);
#1404=IFCQUANTITYLENGTH('L\X\E4nge der Wand in der Achse',$,$,2.,$);
#1409=IFCQUANTITYAREA('Fl\X\E4che',$,$,1.103,$);
#1407=IFCQUANTITYLENGTH('Length',$,$,2.,$);
#1406=IFCQUANTITYLENGTH('Wandl\X\E4nge an der Au\X\DFenseite',$,$,2.,$);
#1410=IFCQUANTITYLENGTH('H\X\F6he',$,$,1.531866277616243,$);
#1411=IFCQUANTITYLENGTH('Height',$,$,1.531866277616243,$);
#1408=IFCQUANTITYAREA('Oberfl\X\E4chenbereich der leeren \X\D6ffnungen in der Wand',$,$,0.,$);
#1413=IFCQUANTITYAREA('GrossFootprintArea',$,$,1.103,$);
#1412=IFCQUANTITYLENGTH('Width',$,$,0.5515,$);
#1415=IFCQUANTITYVOLUME('Volumen (netto)',$,$,1.689648504210716,$);
#1416=IFCQUANTITYLENGTH('Breite',$,$,0.5515,$);
#1414=IFCQUANTITYAREA('NetFootprintArea',$,$,1.103,$);
#1420=IFCQUANTITYVOLUME('GrossVolume',$,$,1.689648504210716,$);
#1417=IFCQUANTITYLENGTH('H\X\F6henangabe zum Projekt-Nullpunkt',$,$,1.4019,$);
#1419=IFCQUANTITYAREA('NetSideArea',$,$,3.063732555232486,$);
#1418=IFCQUANTITYAREA('GrossSideArea',$,$,3.063732555232486,$);
#1423=IFCQUANTITYLENGTH('H\X\F6he zu 2. Referenzh\X\F6he',$,$,1.4019,$);
#1421=IFCQUANTITYVOLUME('NetVolume',$,$,1.689648504210716,$);
#1422=IFCQUANTITYLENGTH('H\X\F6he zu 1. Referenzh\X\F6he',$,$,1.4019,$);
#1425=IFCQUANTITYCOUNT('Anzahl der T\X\FCren',$,$,0.,$);
#1424=IFCQUANTITYLENGTH('H\X\F6he zu Meeresh\X\F6he',$,$,1.4019,$);
#1429=IFCQUANTITYVOLUME('Volumen der St\X\FCtzen',$,$,0.,$);
#1426=IFCQUANTITYCOUNT('Anzahl der Durchbr\X\FCche (Anzahl der leeren \X\D6ffnungen)',$,$,0.,$);
#1427=IFCQUANTITYCOUNT('Anzahl der Fenster',$,$,0.,$);
#1428=IFCQUANTITYCOUNT('Anzahl der St\X\FCtzen',$,$,0.,$);
#1432=IFCQUANTITYLENGTH('Maximale H\X\F6he der Wand',$,$,1.5,$);
#1433=IFCQUANTITYLENGTH('Minimale H\X\F6he der Wand',$,$,1.5,$);
#1431=IFCQUANTITYLENGTH('Minimale H\X\F6he der Wandschicht an der Innenseite',$,$,1.5,$);
#1430=IFCQUANTITYLENGTH('Maximale H\X\F6he der Wandschicht an der Innenseite',$,$,1.5,$);
#1437=IFCQUANTITYAREA('Fl\X\E4che der T\X\FCren',$,$,0.,$);
#1436=IFCQUANTITYLENGTH('Luftschichtdicke',$,$,0.,$);
#1435=IFCQUANTITYLENGTH('Minimale H\X\F6he der Wandschicht an der Au\X\DFenseite',$,$,1.5,$);
#1438=IFCQUANTITYLENGTH('Kombinierte Breite der T\X\FCren',$,$,0.,$);
#1434=IFCQUANTITYLENGTH('Maximale H\X\F6he der Wandschicht an der Au\X\DFenseite',$,$,1.5,$);
#1439=IFCQUANTITYLENGTH('Dicke der Wandkomponente an der Innenfl\X\E4che',$,$,0.024,$);
#1440=IFCQUANTITYLENGTH('Dicke der Wandkomponente an der Au\X\DFenfl\X\E4che',$,$,0.0125,$);
#1443=IFCQUANTITYLENGTH('Abstand Oberkante',$,$,0.,$);
#1442=IFCQUANTITYLENGTH('Abstand zu Ursprungsgeschoss',$,$,1.4019,$);
#1441=IFCQUANTITYLENGTH('H\X\F6he zu verkn\X\FCpftem/Ursprungsgeschoss',$,$,1.4019,$);
#1445=IFCQUANTITYAREA('Fl\X\E4che der Fenster',$,$,0.,$);
#1447=IFCQUANTITYVOLUME('Volumen der Wandkomponente an der Innenfl\X\E4che (netto)',$,$,0.07200000000000006,$);
#1446=IFCQUANTITYLENGTH('Kombinierte Breite der Fenster',$,$,0.,$);
#1444=IFCQUANTITYAREA('Oberfl\X\E4chenbereich',$,$,3.063732555232486,$);
#1449=IFCQUANTITYAREA('Analytische Oberfl\X\E4che der \X\D6ffnungen an der Innenseite',$,$,0.,$);
#1451=IFCQUANTITYLENGTH('Dicke',$,$,0.5515,$);
#1448=IFCQUANTITYVOLUME('Volumen der Wandkomponente an der Au\X\DFenfl\X\E4che (netto)',$,$,0.03749999999999992,$);
#1450=IFCQUANTITYLENGTH('3D-L\X\E4nge',$,$,2.,$);
#1454=IFCQUANTITYLENGTH('Durchschnittliche L\X\E4nge der Wand',$,$,2.,$);
#1452=IFCQUANTITYVOLUME('Volumen (konditional)',$,$,1.689648504210716,$);
#1453=IFCQUANTITYAREA('Analytische Oberfl\X\E4che der \X\D6ffnungen an der Au\X\DFenseite',$,$,0.,$);
#1455=IFCQUANTITYAREA('Oberfl\X\E4chenbereich der Wand-Innenfl\X\E4che (netto)',$,$,3.,$);
#1459=IFCQUANTITYVOLUME('Volumen (brutto)',$,$,1.689648519987818,$);
#1456=IFCQUANTITYAREA('Oberfl\X\E4chenbereich der Wand-Au\X\DFenfl\X\E4che (netto)',$,$,3.,$);
#1457=IFCQUANTITYVOLUME('Analytisches Volumen der \X\D6ffnungen',$,$,0.,$);
#1458=IFCQUANTITYLENGTH('L\X\E4nge der Referenzlinie',$,$,2.,$);
#1461=IFCQUANTITYLENGTH('Grundriss-Umfang',$,$,5.103,$);
#1462=IFCQUANTITYLENGTH('Oberkante zu erster Referenzh\X\F6he',$,$,2.933766277616243,$);
#1460=IFCQUANTITYLENGTH('D\X\E4mmungsschichtdicke',$,$,0.,$);
#1464=IFCCARTESIANPOINT((-1.512057685452594,0.9073460709682164,1.4019));
#1463=IFCQUANTITYLENGTH('Oberkante zu Ursprungsgeschoss',$,$,2.933766277616243,$);
#1466=IFCQUANTITYLENGTH('Oberkante zu Meeresspiegel',$,$,2.933766277616243,$);
#1467=IFCQUANTITYLENGTH('Oberkante zu zweiter Referenzh\X\F6he',$,$,2.933766277616243,$);
#1465=IFCQUANTITYLENGTH('Oberkante zu Projektursprung',$,$,2.933766277616243,$);
#1468=IFCQUANTITYLENGTH('Unterkante zu erster Referenzh\X\F6he',$,$,1.4019,$);
#1469=IFCQUANTITYLENGTH('Unterkante zu Ursprungsgeschoss',$,$,1.4019,$);
#1471=IFCQUANTITYAREA('Oberfl\X\E4chenbereich der Wand-Innenfl\X\E4che (konditional)',$,$,3.,$);
#1470=IFCQUANTITYLENGTH('L\X\E4nge der Wand-Innenfl\X\E4che (konditional)',$,$,2.,$);
#1473=IFCQUANTITYAREA('Oberfl\X\E4chenbereich der Wand-Au\X\DFenfl\X\E4che (konditional)',$,$,3.,$);
#1474=IFCQUANTITYVOLUME('Volumen der Wand-Innenfl\X\E4chenkomponente (konditional)',$,$,0.07200000000000006,$);
#1472=IFCQUANTITYLENGTH('L\X\E4nge der Wand-Au\X\DFenfl\X\E4che (konditional)',$,$,2.,$);
#1476=IFCQUANTITYAREA('Oberfl\X\E4chenbereich der Wand-Innenfl\X\E4che (brutto)',$,$,3.,$);
#1477=IFCQUANTITYAREA('Oberfl\X\E4chenbereich der Wand-Au\X\DFenfl\X\E4che (brutto)',$,$,3.,$);
#1478=IFCQUANTITYLENGTH('Wandst\X\E4rke am Ende',$,$,0.5515,$);
#1475=IFCQUANTITYVOLUME('Volumen der Wand-Au\X\DFenfl\X\E4chenkomponente (konditional)',$,$,0.03749999999999987,$);
#1479=IFCDIRECTION((0.,0.,1.));
#1484=IFCQUANTITYAREA('Fl\X\E4che',$,$,1.103,$);
#1481=IFCQUANTITYLENGTH('Wandl\X\E4nge an der Innenseite',$,$,2.,$);
#1480=IFCQUANTITYLENGTH('L\X\E4nge der Wand in der Achse',$,$,2.,$);
#1485=IFCQUANTITYLENGTH('H\X\F6he',$,$,1.5,$);
#1483=IFCQUANTITYAREA('Oberfl\X\E4chenbereich der leeren \X\D6ffnungen in der Wand',$,$,0.,$);
#1482=IFCQUANTITYLENGTH('Wandl\X\E4nge an der Au\X\DFenseite',$,$,2.,$);
#1487=IFCQUANTITYVOLUME('Volumen (netto)',$,$,1.6545,$);
#1486=IFCDIRECTION((1.,0.,0.));
#1489=IFCQUANTITYLENGTH('H\X\F6henangabe zum Projekt-Nullpunkt',$,$,-0.5,$);
#1488=IFCQUANTITYLENGTH('Breite',$,$,0.5515,$);
#1492=IFCQUANTITYLENGTH('H\X\F6he zu Meeresh\X\F6he',$,$,-0.5,$);
#1490=IFCQUANTITYLENGTH('H\X\F6he zu 1. Referenzh\X\F6he',$,$,-0.5,$);
#1491=IFCQUANTITYLENGTH('H\X\F6he zu 2. Referenzh\X\F6he',$,$,-0.5,$);
#1495=IFCQUANTITYLENGTH('Abstand Oberkante',$,$,0.,$);
#1496=IFCQUANTITYAREA('Oberfl\X\E4chenbereich',$,$,3.,$);
#1494=IFCQUANTITYLENGTH('Abstand zu Ursprungsgeschoss',$,$,-0.5,$);
#1493=IFCQUANTITYLENGTH('H\X\F6he zu verkn\X\FCpftem/Ursprungsgeschoss',$,$,-0.5,$);
#1498=IFCQUANTITYLENGTH('Dicke',$,$,0.5515,$);
#1499=IFCQUANTITYVOLUME('Volumen (konditional)',$,$,1.6545,$);
#1500=IFCQUANTITYVOLUME('Volumen (brutto)',$,$,1.654500013411058,$);
#1497=IFCQUANTITYLENGTH('3D-L\X\E4nge',$,$,2.,$);
#1502=IFCQUANTITYLENGTH('Grundriss-Umfang',$,$,5.103,$);
#1501=IFCQUANTITYLENGTH('D\X\E4mmungsschichtdicke',$,$,0.,$);
#1505=IFCPROPERTYSET('2hfwUfWETtGb_mgJaOrDXu',#2,'Pset_ProductRequirements',$,(#1602));
#1504=IFCQUANTITYLENGTH('Oberkante zu Ursprungsgeschoss',$,$,1.,$);
#1503=IFCQUANTITYLENGTH('Oberkante zu erster Referenzh\X\F6he',$,$,1.,$);
#1507=IFCQUANTITYLENGTH('Oberkante zu Meeresspiegel',$,$,1.,$);
#1508=IFCQUANTITYLENGTH('Oberkante zu zweiter Referenzh\X\F6he',$,$,1.,$);
#1506=IFCQUANTITYLENGTH('Oberkante zu Projektursprung',$,$,1.,$);
#1510=IFCQUANTITYLENGTH('Unterkante zu Ursprungsgeschoss',$,$,-0.5,$);
#1511=IFCQUANTITYLENGTH('Unterkante zu Projektursprung',$,$,-0.5,$);
#1509=IFCQUANTITYLENGTH('Unterkante zu erster Referenzh\X\F6he',$,$,-0.5,$);
#1515=IFCQUANTITYAREA('Oberfl\X\E4chenbereich oben (netto)',$,$,1.103,$);
#1514=IFCQUANTITYLENGTH('Unterkante zu zweiter Referenzh\X\F6he',$,$,-0.5,$);
#1513=IFCQUANTITYLENGTH('Unterkante zu Meeresh\X\F6he',$,$,-0.5,$);
#1512=IFCPROPERTYSET('0qYTfLmprDqGuGYTiBdtmZ',#2,'Pset_BuildingStoreyCommon',$,(#1603));
#1517=IFCQUANTITYAREA('Oberfl\X\E4chenbereich unten (netto)',$,$,3.,$);
#1516=IFCQUANTITYAREA('Kanten-Oberfl\X\E4chenbereich (netto)',$,$,3.8605,$);
#1519=IFCQUANTITYLENGTH('Unterkante zu Projektursprung',$,$,1.4019,$);
#1518=IFCPROPERTYSET('0ZIoiZyiS1I60QkLV_$SsD',#2,'Pset_AirSideSystemInformation',$,(#1604));
#1520=IFCQUANTITYLENGTH('Unterkante zu Meeresh\X\F6he',$,$,1.4019,$);
#1523=IFCQUANTITYAREA('Kanten-Oberfl\X\E4chenbereich (netto)',$,$,3.895648504210716,$);
#1522=IFCQUANTITYAREA('Oberfl\X\E4chenbereich oben (netto)',$,$,1.103,$);
#1524=IFCQUANTITYAREA('Oberfl\X\E4chenbereich unten (netto)',$,$,3.063732555232486,$);
#1521=IFCQUANTITYLENGTH('Unterkante zu zweiter Referenzh\X\F6he',$,$,1.4019,$);
#1528=IFCDIRECTION((1.,0.,0.));
#1527=IFCDIRECTION((0.,0.,1.));
#1526=IFCCARTESIANPOINT((-1.512057685452592,2.907346070968217,1.4019));
#1525=IFCELEMENTQUANTITY('3zLTMC__2qJh66Ih2KygTQ',#2,'Qto_BuildingStoreyBaseQuantities',$,'Archicad BIM Base Quantities',(#1605,#1606,#1607));
#1529=IFCSLABTYPE('2nbIvwHo98hhCypMrWO5TB',#2,'Floor:DeckenInstanz',$,$,$,$,'316153',$,.FLOOR.);
#1531=IFCPROPERTYSET('1rDZUn1yqJWOaPnSoUCRU0',#2,'Pset_ReinforcementBarPitchOfSlab',$,(#1608));
#1530=IFCCLASSIFICATIONREFERENCE('Kompletter mehrschichtiger Deckenaufbau (Rohbaudecke+Bodenaufbau)','Decke',$,#1246,$,$);
#1533=IFCPROPERTYSET('0_7nF5Kg0vWMeZM1xywPBQ',#2,'Pset_SlabCommon',$,(#1612,#1613,#1614,#1615,#1616));
#1534=IFCPROPERTYSET('1gIc7VQw5WxHU050iwwPAL',#2,'Pset_QuantityTakeOff',$,(#1617));
#1532=IFCPROPERTYSET('1g963SstW3Fego$K5xQjNt',#2,'ArchiCADProperties',$,(#1609,#1610,#1611,#1618,#1623,#1632,#1633,#1634,#1635,#1636,#1637,#1638,#1639,#1640,#1641,#1642,#1643,#1644,#1645,#1646,#1647,#1648,#1649,#1650,#1651,#1652,#1653,#1654,#1655,#1656,#1657,#1658,#1659,#1660,#1661,#1662,#1663));
#1537=IFCCLASSIFICATIONREFERENCE($,'Ohne Klassifizierung',$,#1246,$,$);
#1535=IFCELEMENTQUANTITY('3f_qimkm6NQLhs3c__h0wD',#2,'Qto_SlabBaseQuantities',$,'Archicad BIM Base Quantities',(#1619,#1620,#1621,#1631,#1664,#1665));
#1538=IFCPROPERTYSINGLEVALUE('ThermalConductivity',$,IFCTHERMALCONDUCTIVITYMEASURE(0.13),$);
#1539=IFCPROPERTYSINGLEVALUE('MassDensity',$,IFCMASSDENSITYMEASURE(500.),$);
#1540=IFCPROPERTYSINGLEVALUE('SpecificHeatCapacity',$,IFCSPECIFICHEATCAPACITYMEASURE(1600.),$);
#1542=IFCPROPERTYSINGLEVALUE('Embodied Carbon',$,IFCTEXT('0.64 (kgCO\X2\2082\X0\/kg)'),$);
#1541=IFCPROPERTYSINGLEVALUE('Embodied Energy',$,IFCTEXT('13.1 (MJ/kg)'),$);
#1544=IFCPROPERTYSINGLEVALUE('Description',$,IFCTEXT(''),$);
#1543=IFCPROPERTYSINGLEVALUE('ID',$,IFCTEXT('Modellierung'),$);
#1545=IFCPROPERTYSINGLEVALUE('Manufacturer',$,IFCTEXT(''),$);
#1546=IFCPROPERTYSINGLEVALUE('Participates in Collision Detection',$,IFCBOOLEAN(.T.),$);
#1547=IFCPROPERTYSINGLEVALUE('MassDensity',$,IFCMASSDENSITYMEASURE(500.),$);
#1548=IFCPROPERTYSINGLEVALUE('Embodied Energy',$,IFCTEXT('13.1 (MJ/kg)'),$);
#1549=IFCPROPERTYSINGLEVALUE('Embodied Carbon',$,IFCTEXT('0.64 (kgCO\X2\2082\X0\/kg)'),$);
#1551=IFCPROPERTYSINGLEVALUE('Description',$,IFCTEXT(''),$);
#1550=IFCPROPERTYSINGLEVALUE('ID',$,IFCTEXT('Modellierung'),$);
#1536=IFCELEMENTQUANTITY('1PdY_qO7gAgCdzJprhlDow',#2,'ArchiCADQuantities',$,'Archicad BIM Quantities',(#1622,#1624,#1625,#1626,#1627,#1628,#1629,#1630,#1666,#1667,#1668,#1669,#1670,#1671,#1672,#1673,#1674,#1675,#1676,#1677,#1678,#1679,#1680,#1681,#1682,#1683,#1684,#1685,#1686,#1687,#1688,#1689,#1690,#1691,#1692,#1693,#1694,#1695,#1696,#1697,#1698,#1699,#1700));
#1552=IFCPROPERTYSINGLEVALUE('ThermalConductivity',$,IFCTHERMALCONDUCTIVITYMEASURE(0.13),$);
#1554=IFCPROPERTYSINGLEVALUE('Manufacturer',$,IFCTEXT(''),$);
#1553=IFCPROPERTYSINGLEVALUE('SpecificHeatCapacity',$,IFCSPECIFICHEATCAPACITYMEASURE(1600.),$);
#1556=IFCPROPERTYSINGLEVALUE('ThermalConductivity',$,IFCTHERMALCONDUCTIVITYMEASURE(0.13),$);
#1557=IFCPROPERTYSINGLEVALUE('SpecificHeatCapacity',$,IFCSPECIFICHEATCAPACITYMEASURE(1600.),$);
#1570=IFCPROPERTYSINGLEVALUE('ID',$,IFCTEXT('Modellierung'),$);
#1574=IFCPROPERTYSINGLEVALUE('ThermalConductivity',$,IFCTHERMALCONDUCTIVITYMEASURE(0.13),$);
#1571=IFCPROPERTYSINGLEVALUE('Description',$,IFCTEXT(''),$);
#1569=IFCPROPERTYSINGLEVALUE('Embodied Carbon',$,IFCTEXT('0.64 (kgCO\X2\2082\X0\/kg)'),$);
#1568=IFCPROPERTYSINGLEVALUE('Embodied Energy',$,IFCTEXT('13.1 (MJ/kg)'),$);
#1572=IFCPROPERTYSINGLEVALUE('Manufacturer',$,IFCTEXT(''),$);
#1567=IFCPROPERTYSINGLEVALUE('MassDensity',$,IFCMASSDENSITYMEASURE(500.),$);
#1565=IFCPROPERTYSINGLEVALUE('ThermalConductivity',$,IFCTHERMALCONDUCTIVITYMEASURE(0.13),$);
#1566=IFCPROPERTYSINGLEVALUE('SpecificHeatCapacity',$,IFCSPECIFICHEATCAPACITYMEASURE(1600.),$);
#1564=IFCPROPERTYSINGLEVALUE('Participates in Collision Detection',$,IFCBOOLEAN(.T.),$);
#1576=IFCPROPERTYSINGLEVALUE('MassDensity',$,IFCMASSDENSITYMEASURE(500.),$);
#1573=IFCPROPERTYSINGLEVALUE('Participates in Collision Detection',$,IFCBOOLEAN(.T.),$);
#1563=IFCPROPERTYSINGLEVALUE('Manufacturer',$,IFCTEXT(''),$);
#1562=IFCPROPERTYSINGLEVALUE('Description',$,IFCTEXT(''),$);
#1561=IFCPROPERTYSINGLEVALUE('ID',$,IFCTEXT('Modellierung'),$);
#1560=IFCPROPERTYSINGLEVALUE('Embodied Carbon',$,IFCTEXT('0.64 (kgCO\X2\2082\X0\/kg)'),$);
#1558=IFCPROPERTYSINGLEVALUE('MassDensity',$,IFCMASSDENSITYMEASURE(500.),$);
#1559=IFCPROPERTYSINGLEVALUE('Embodied Energy',$,IFCTEXT('13.1 (MJ/kg)'),$);
#1555=IFCPROPERTYSINGLEVALUE('Participates in Collision Detection',$,IFCBOOLEAN(.T.),$);
#1580=IFCPROPERTYSINGLEVALUE('Description',$,IFCTEXT(''),$);
#1579=IFCPROPERTYSINGLEVALUE('ID',$,IFCTEXT('Modellierung'),$);
#1575=IFCPROPERTYSINGLEVALUE('SpecificHeatCapacity',$,IFCSPECIFICHEATCAPACITYMEASURE(1600.),$);
#1577=IFCPROPERTYSINGLEVALUE('Embodied Energy',$,IFCTEXT('13.1 (MJ/kg)'),$);
#1578=IFCPROPERTYSINGLEVALUE('Embodied Carbon',$,IFCTEXT('0.64 (kgCO\X2\2082\X0\/kg)'),$);
#1582=IFCPROPERTYSINGLEVALUE('Participates in Collision Detection',$,IFCBOOLEAN(.T.),$);
#1581=IFCPROPERTYSINGLEVALUE('Manufacturer',$,IFCTEXT(''),$);
#1584=IFCPROPERTYSINGLEVALUE('SpecificHeatCapacity',$,IFCSPECIFICHEATCAPACITYMEASURE(1600.),$);
#1583=IFCPROPERTYSINGLEVALUE('ThermalConductivity',$,IFCTHERMALCONDUCTIVITYMEASURE(0.13),$);
#1585=IFCPROPERTYSINGLEVALUE('Embodied Energy',$,IFCTEXT('13.1 (MJ/kg)'),$);
#1589=IFCPROPERTYSINGLEVALUE('Manufacturer',$,IFCTEXT(''),$);
#1586=IFCPROPERTYSINGLEVALUE('Embodied Carbon',$,IFCTEXT('0.64 (kgCO\X2\2082\X0\/kg)'),$);
#1588=IFCPROPERTYSINGLEVALUE('Description',$,IFCTEXT(''),$);
#1587=IFCPROPERTYSINGLEVALUE('ID',$,IFCTEXT('Modellierung'),$);
#1590=IFCPROPERTYSINGLEVALUE('MassDensity',$,IFCMASSDENSITYMEASURE(500.),$);
#1591=IFCPROPERTYSINGLEVALUE('Participates in Collision Detection',$,IFCBOOLEAN(.T.),$);
#1592=IFCPROPERTYSET('2QW1iRqyt7CGDkhmDf4afX',#2,'Pset_ReinforcementBarPitchOfSlab',$,(#1701));
#1594=IFCPROPERTYSET('1hfPsf1cnpzX6G6jJS2MMo',#2,'Pset_SlabCommon',$,(#1702,#1703,#1704,#1705,#1706));
#1593=IFCPROPERTYSET('13VVNwgxVtel75DjecOCEd',#2,'Pset_QuantityTakeOff',$,(#1707));
#1596=IFCPROPERTYSET('0UJyRUH7uvn2ND7TWe1u9x',#2,'ArchiCADProperties',$,(#1708,#1709,#1719,#1720,#1721,#1722,#1723,#1724,#1725,#1728,#1729,#1730,#1732,#1733,#1734,#1735,#1738,#1739,#1753,#1754,#1755,#1756,#1757,#1758,#1759,#1760,#1761,#1762,#1763,#1771,#1772,#1773,#1774,#1775,#1776,#1777,#1778));
#1598=IFCPROPERTYENUMERATION('PEnum_ElementStatus',(IFCLABEL('NEW'),IFCLABEL('EXISTING'),IFCLABEL('DEMOLISH'),IFCLABEL('TEMPORARY'),IFCLABEL('OTHER'),IFCLABEL('NOTKNOWN'),IFCLABEL('UNSET')),$);
#1595=IFCELEMENTQUANTITY('01BWKSJcAur3qGapUvyh2b',#2,'ArchiCADQuantities',$,'Archicad BIM Quantities',(#1712,#1713,#1714,#1715,#1716,#1717,#1718,#1726,#1727,#1731,#1736,#1737,#1740,#1741,#1742,#1743,#1744,#1745,#1746,#1747,#1748,#1749,#1750,#1751,#1752,#1764,#1765,#1766,#1767,#1768,#1769,#1770,#1779,#1780,#1781,#1782,#1783,#1784,#1785,#1786,#1787,#1788,#1789));
#1600=IFCPROPERTYSINGLEVALUE('Combustible',$,IFCBOOLEAN(.T.),$);
#1599=IFCPROPERTYSINGLEVALUE('FireRating',$,IFCLABEL('REI90'),$);
#1601=IFCPROPERTYSINGLEVALUE('ThermalTransmittance',$,IFCTHERMALTRANSMITTANCEMEASURE(0.12),$);
#1603=IFCPROPERTYSINGLEVALUE('AboveGround',$,IFCLOGICAL(.U.),$);
#1602=IFCPROPERTYSINGLEVALUE('Name',$,IFCLABEL('Level 0'),$);
#1605=IFCQUANTITYLENGTH('NetHeight',$,$,3.,$);
#1604=IFCPROPERTYSINGLEVALUE('Name',$,IFCLABEL('Level 0'),$);
#1607=IFCQUANTITYAREA('GrossFloorArea',$,$,0.,$);
#1606=IFCQUANTITYLENGTH('GrossHeight',$,$,3.,$);
#1609=IFCPROPERTYSINGLEVALUE('Lage der Referenzebene',$,IFCLABEL('Oben'),$);
#1608=IFCPROPERTYSINGLEVALUE('Reference',$,IFCLABEL('DeckenInstanz'),$);
#1611=IFCPROPERTYSINGLEVALUE('Hotlink und Element-ID',$,IFCLABEL('Floor:DeckenInstanz:317571'),$);
#1610=IFCPROPERTYSINGLEVALUE('Element ID',$,IFCLABEL('Floor:DeckenInstanz:317571'),$);
#1614=IFCPROPERTYSINGLEVALUE('IsExternal',$,IFCBOOLEAN(.F.),$);
#1613=IFCPROPERTYSINGLEVALUE('PitchAngle',$,IFCPLANEANGLEMEASURE(0.),$);
#1612=IFCPROPERTYSINGLEVALUE('Reference',$,IFCIDENTIFIER('DeckenInstanz'),$);
#1615=IFCPROPERTYENUMERATEDVALUE('Status',$,(IFCLABEL('EXISTING')),#1598);
#1616=IFCPROPERTYSINGLEVALUE('LoadBearing',$,IFCBOOLEAN(.F.),$);
#1617=IFCPROPERTYSINGLEVALUE('Reference',$,IFCIDENTIFIER('DeckenInstanz'),$);
#1619=IFCQUANTITYLENGTH('Width',$,$,0.4019,$);
#1618=IFCPROPERTYSINGLEVALUE('Ebene',$,IFCLABEL('dataholzLayer.IFC Modell'),$);
#1621=IFCQUANTITYAREA('GrossArea',$,$,4.000000000000002,$);
#1620=IFCQUANTITYLENGTH('Perimeter',$,$,8.000000000000004,$);
#1623=IFCPROPERTYSINGLEVALUE('Eindeutige ID',$,IFCLABEL('777E7A9D-BBDE-46C3-A362-1B660EE4E4F1'),$);
#1622=IFCQUANTITYLENGTH('H\X\F6henwert Unterkante',$,$,1.,$);
#1624=IFCQUANTITYAREA('Oberfl\X\E4chenbereich der Decke oben (konditional)',$,$,4.000000000000002,$);
#1625=IFCQUANTITYAREA('Oberfl\X\E4chenbereich der Decke unten (brutto)',$,$,4.000000000000002,$);
#1597=IFCELEMENTQUANTITY('24upKGrVNfszXB0D8NlJb4',#2,'Qto_SlabBaseQuantities',$,'Archicad BIM Base Quantities',(#1710,#1711,#1790,#1791,#1792,#1793));
#1627=IFCQUANTITYAREA('Oberfl\X\E4chenbereich der Deckenkanten (brutto)',$,$,3.215200000000001,$);
#1626=IFCQUANTITYAREA('Oberfl\X\E4chenbereich der Decke unten (brutto, mit \X\D6ffnungen)',$,$,4.000000000000002,$);
#1629=IFCQUANTITYAREA('Oberfl\X\E4chenbereich der Decke oben (brutto)',$,$,4.000000000000002,$);
#1628=IFCQUANTITYAREA('Oberfl\X\E4chenbereich der Deckenkanten (brutto, mit \X\D6ffnungen)',$,$,3.215200000000001,$);
#1631=IFCQUANTITYAREA('NetArea',$,$,4.000000000000002,$);
#1630=IFCQUANTITYAREA('Oberfl\X\E4chenbereich der Decke oben (brutto, mit \X\D6ffnungen)',$,$,4.000000000000002,$);
#1634=IFCPROPERTYSINGLEVALUE('Mehrschichtige Bauteile',$,IFCLABEL('Floor:DeckenInstanz'),$);
#1632=IFCPROPERTYSINGLEVALUE('Archicad IFC ID',$,IFCLABEL('1tVdgTkzv6mwDY6sOEvEJn'),$);
#1638=IFCPROPERTYSINGLEVALUE('Zugeh\X\F6rige Raumnummer',$,IFCLABEL(''),$);
#1635=IFCPROPERTYSINGLEVALUE('Externe IFC ID',$,IFCLABEL('0gwCMfmuj9KuUUMUtnWqTm'),$);
#1636=IFCPROPERTYSINGLEVALUE('Kollidierende R\X\E4ume',$,IFCLABEL(''),$);
#1633=IFCPROPERTYSINGLEVALUE('Baustoff / Mehrschichtiger Aufbau / Profil / Schraffur',$,IFCLABEL('Floor:DeckenInstanz'),$);
#1637=IFCPROPERTYSINGLEVALUE('Zugeh\X\F6riger Raumname',$,IFCLABEL(''),$);
#1639=IFCPROPERTYSINGLEVALUE('Gesch\X\FCtzt',$,IFCBOOLEAN(.F.),$);
#1640=IFCPROPERTYSINGLEVALUE('Verkn\X\FCpfte \X\C4nderungen',$,IFCLABEL(''),$);
#1642=IFCPROPERTYSINGLEVALUE('Ursprungsgeschoss Nummer',$,IFCLABEL('0'),$);
#1641=IFCPROPERTYSINGLEVALUE('Ursprungsgeschoss Name',$,IFCLABEL('EG'),$);
#1645=IFCPROPERTYSINGLEVALUE('Struktur-Typ',$,IFCLABEL('Mehrschicht'),$);
#1643=IFCPROPERTYSINGLEVALUE('Name des Eigenschafts-Objekts',$,IFCLABEL(''),$);
#1644=IFCPROPERTYSINGLEVALUE('Element-Typ',$,IFCLABEL('Decke'),$);
#1649=IFCPROPERTYSINGLEVALUE('Hotlink Master-ID',$,IFCLABEL(''),$);
#1646=IFCPROPERTYSINGLEVALUE('\X\DCberobjekt-ID',$,IFCLABEL('Floor:DeckenInstanz:317571'),$);
#1651=IFCPROPERTYSINGLEVALUE('ID der verbundenen \X\D6ffnungen',$,IFCLABEL(''),$);
#1648=IFCPROPERTYSINGLEVALUE('Oberfl\X\E4che (Alle)',$,IFCLABEL('Grau Gipsplatten'),$);
#1650=IFCPROPERTYSINGLEVALUE('Deckschraffur',$,IFCLABEL('Misch-Schraffur 25 %'),$);
#1653=IFCPROPERTYSINGLEVALUE('Oberfl\X\E4che oben',$,IFCLABEL('Grau Gipsplatten'),$);
#1652=IFCPROPERTYSINGLEVALUE('Anzahl der \X\D6ffnungen',$,IFCINTEGER(0),$);
#1647=IFCPROPERTYSINGLEVALUE('Baustoffe (Alle)',$,IFCLABEL('Grau Default; Grau Default; Gelb Mineralwolle; Braun Holzwerkstoffe; Braun Holz; Grau Default; Grau Blech/Abh\X\E4ngung; Grau Gipsplatten'),$);
#1654=IFCPROPERTYSINGLEVALUE('Oberfl\X\E4che Kante',$,IFCLABEL('Grau Gipsplatten'),$);
#1657=IFCPROPERTYSINGLEVALUE('Varianten-Set Name',$,IFCLABEL('Hauptmodell'),$);
#1655=IFCPROPERTYSINGLEVALUE('Oberfl\X\E4che unten',$,IFCLABEL('Grau Gipsplatten'),$);
#1658=IFCPROPERTYSINGLEVALUE('Tragende Funktion',$,IFCLABEL('Nicht tragende Elemente'),$);
#1656=IFCPROPERTYSINGLEVALUE('Varianten Name',$,IFCLABEL('Hauptmodell'),$);
#1660=IFCPROPERTYSINGLEVALUE('Umbau-Status',$,IFCLABEL('Bestand'),$);
#1659=IFCPROPERTYSINGLEVALUE('Lage',$,IFCLABEL('Innen'),$);
#1662=IFCPROPERTYSINGLEVALUE('Varianten-Status',$,IFCLABEL('Hauptmodell'),$);
#1661=IFCPROPERTYSINGLEVALUE('Anzeigen auf Umbau-Filter',$,IFCLABEL('Alle relevanten Filter'),$);
#1665=IFCQUANTITYVOLUME('NetVolume',$,$,1.607600000000001,$);
#1664=IFCQUANTITYVOLUME('GrossVolume',$,$,1.607600000000001,$);
#1666=IFCQUANTITYAREA('L\X\F6cher Oberfl\X\E4chenbereich',$,$,0.,$);
#1668=IFCQUANTITYAREA('Fl\X\E4che',$,$,4.000000000000002,$);
#1663=IFCPROPERTYSINGLEVALUE('Varianten-Set',$,IFCLABEL('Hauptmodell'),$);
#1667=IFCQUANTITYLENGTH('H\X\F6henwert Oberkante',$,$,1.4019,$);
#1669=IFCQUANTITYLENGTH('H\X\F6he',$,$,0.4019,$);
#1671=IFCQUANTITYLENGTH('H\X\F6henangabe zum Projekt-Nullpunkt',$,$,1.4019,$);
#1670=IFCQUANTITYVOLUME('Volumen (netto)',$,$,1.607600000000001,$);
#1674=IFCQUANTITYLENGTH('H\X\F6he zu Meeresh\X\F6he',$,$,1.4019,$);
#1673=IFCQUANTITYLENGTH('H\X\F6he zu 2. Referenzh\X\F6he',$,$,1.4019,$);
#1672=IFCQUANTITYLENGTH('H\X\F6he zu 1. Referenzh\X\F6he',$,$,1.4019,$);
#1676=IFCQUANTITYLENGTH('Abstand zu Ursprungsgeschoss',$,$,1.4019,$);
#1675=IFCQUANTITYLENGTH('H\X\F6he zu verkn\X\FCpftem/Ursprungsgeschoss',$,$,1.4019,$);
#1677=IFCQUANTITYAREA('Oberfl\X\E4chenbereich',$,$,4.000000000000002,$);
#1680=IFCQUANTITYVOLUME('Volumen (brutto)',$,$,1.607600000000001,$);
#1681=IFCQUANTITYLENGTH('Grundriss-Umfang',$,$,8.000000000000004,$);
#1678=IFCQUANTITYLENGTH('Dicke',$,$,0.4019,$);
#1683=IFCQUANTITYLENGTH('Oberkante zu erster Referenzh\X\F6he',$,$,1.4019,$);
#1682=IFCQUANTITYLENGTH('Grundriss-Durchbruch Umfang',$,$,0.,$);
#1679=IFCQUANTITYVOLUME('Volumen (konditional)',$,$,1.607600000000001,$);
#1687=IFCQUANTITYLENGTH('Oberkante zu zweiter Referenzh\X\F6he',$,$,1.4019,$);
#1686=IFCQUANTITYLENGTH('Oberkante zu Meeresspiegel',$,$,1.4019,$);
#1685=IFCQUANTITYLENGTH('Oberkante zu Projektursprung',$,$,1.4019,$);
#1684=IFCQUANTITYLENGTH('Oberkante zu Ursprungsgeschoss',$,$,1.4019,$);
#1688=IFCQUANTITYLENGTH('Unterkante zu erster Referenzh\X\F6he',$,$,1.,$);
#1689=IFCQUANTITYLENGTH('Unterkante zu Ursprungsgeschoss',$,$,1.,$);
#1690=IFCQUANTITYLENGTH('Unterkante zu Projektursprung',$,$,1.,$);
#1691=IFCQUANTITYLENGTH('Unterkante zu Meeresh\X\F6he',$,$,1.,$);
#1693=IFCQUANTITYAREA('Oberfl\X\E4chenbereich oben (netto)',$,$,4.000000000000002,$);
#1694=IFCQUANTITYAREA('Oberfl\X\E4chenbereich  oben (konditional)',$,$,4.000000000000002,$);
#1692=IFCQUANTITYLENGTH('Unterkante zu zweiter Referenzh\X\F6he',$,$,1.,$);
#1695=IFCQUANTITYAREA('Kanten-Oberfl\X\E4chenbereich (netto)',$,$,3.215200000000001,$);
#1696=IFCQUANTITYAREA('Oberfl\X\E4chenbereich unten (netto)',$,$,4.000000000000002,$);
#1699=IFCQUANTITYAREA('Kantenfl\X\E4chenbereich (Brutto)',$,$,3.215200000000001,$);
#1697=IFCQUANTITYAREA('Oberfl\X\E4chenbereich unten (konditional)',$,$,4.000000000000002,$);
#1700=IFCQUANTITYAREA('Oberer Fl\X\E4chenbereich (Brutto)',$,$,4.000000000000002,$);
#1698=IFCQUANTITYAREA('Unterer Fl\X\E4chenbereich (Brutto)',$,$,4.000000000000002,$);
#1702=IFCPROPERTYSINGLEVALUE('Reference',$,IFCIDENTIFIER('DeckenInstanz'),$);
#1701=IFCPROPERTYSINGLEVALUE('Reference',$,IFCLABEL('DeckenInstanz'),$);
#1704=IFCPROPERTYSINGLEVALUE('IsExternal',$,IFCBOOLEAN(.F.),$);
#1703=IFCPROPERTYSINGLEVALUE('PitchAngle',$,IFCPLANEANGLEMEASURE(0.),$);
#1707=IFCPROPERTYSINGLEVALUE('Reference',$,IFCIDENTIFIER('DeckenInstanz'),$);
#1706=IFCPROPERTYSINGLEVALUE('LoadBearing',$,IFCBOOLEAN(.F.),$);
#1705=IFCPROPERTYENUMERATEDVALUE('Status',$,(IFCLABEL('EXISTING')),#1598);
#1711=IFCQUANTITYLENGTH('Perimeter',$,$,8.000000000000002,$);
#1710=IFCQUANTITYLENGTH('Width',$,$,0.4019,$);
#1708=IFCPROPERTYSINGLEVALUE('Lage der Referenzebene',$,IFCLABEL('Oben'),$);
#1709=IFCPROPERTYSINGLEVALUE('Element ID',$,IFCLABEL('Floor:DeckenInstanz:316140'),$);
#1712=IFCQUANTITYLENGTH('H\X\F6henwert Unterkante',$,$,1.,$);
#1713=IFCQUANTITYAREA('Oberfl\X\E4chenbereich der Decke oben (konditional)',$,$,4.000000000000002,$);
#1716=IFCQUANTITYAREA('Oberfl\X\E4chenbereich der Deckenkanten (brutto)',$,$,3.2152,$);
#1714=IFCQUANTITYAREA('Oberfl\X\E4chenbereich der Decke unten (brutto)',$,$,4.000000000000002,$);
#1715=IFCQUANTITYAREA('Oberfl\X\E4chenbereich der Decke unten (brutto, mit \X\D6ffnungen)',$,$,4.000000000000002,$);
#1717=IFCQUANTITYAREA('Oberfl\X\E4chenbereich der Deckenkanten (brutto, mit \X\D6ffnungen)',$,$,3.2152,$);
#1720=IFCPROPERTYSINGLEVALUE('Ebene',$,IFCLABEL('dataholzLayer.IFC Modell'),$);
#1721=IFCPROPERTYSINGLEVALUE('Eindeutige ID',$,IFCLABEL('F9BC01AC-1352-4109-A9AA-4C857CC10EF6'),$);
#1719=IFCPROPERTYSINGLEVALUE('Hotlink und Element-ID',$,IFCLABEL('Floor:DeckenInstanz:316140'),$);
#1718=IFCQUANTITYAREA('Oberfl\X\E4chenbereich der Decke oben (brutto)',$,$,4.000000000000002,$);
#1722=IFCPROPERTYSINGLEVALUE('Archicad IFC ID',$,IFCLABEL('3vl06i4r912QcgJ8LymGxs'),$);
#1724=IFCPROPERTYSINGLEVALUE('Mehrschichtige Bauteile',$,IFCLABEL('Floor:DeckenInstanz'),$);
#1725=IFCPROPERTYSINGLEVALUE('Externe IFC ID',$,IFCLABEL('2m9OIsdJX4kvGznFAGvJDb'),$);
#1723=IFCPROPERTYSINGLEVALUE('Baustoff / Mehrschichtiger Aufbau / Profil / Schraffur',$,IFCLABEL('Floor:DeckenInstanz'),$);
#1728=IFCPROPERTYSINGLEVALUE('Kollidierende R\X\E4ume',$,IFCLABEL(''),$);
#1726=IFCQUANTITYAREA('Oberfl\X\E4chenbereich der Decke oben (brutto, mit \X\D6ffnungen)',$,$,4.000000000000002,$);
#1727=IFCQUANTITYAREA('L\X\F6cher Oberfl\X\E4chenbereich',$,$,0.,$);
#1730=IFCPROPERTYSINGLEVALUE('Zugeh\X\F6rige Raumnummer',$,IFCLABEL(''),$);
#1731=IFCQUANTITYLENGTH('H\X\F6henwert Oberkante',$,$,1.4019,$);
#1729=IFCPROPERTYSINGLEVALUE('Zugeh\X\F6riger Raumname',$,IFCLABEL(''),$);
#1733=IFCPROPERTYSINGLEVALUE('Verkn\X\FCpfte \X\C4nderungen',$,IFCLABEL(''),$);
#1732=IFCPROPERTYSINGLEVALUE('Gesch\X\FCtzt',$,IFCBOOLEAN(.F.),$);
#1735=IFCPROPERTYSINGLEVALUE('Ursprungsgeschoss Nummer',$,IFCLABEL('0'),$);
#1736=IFCQUANTITYAREA('Fl\X\E4che',$,$,4.000000000000002,$);
#1734=IFCPROPERTYSINGLEVALUE('Ursprungsgeschoss Name',$,IFCLABEL('EG'),$);
#1739=IFCPROPERTYSINGLEVALUE('Element-Typ',$,IFCLABEL('Decke'),$);
#1738=IFCPROPERTYSINGLEVALUE('Name des Eigenschafts-Objekts',$,IFCLABEL(''),$);
#1737=IFCQUANTITYLENGTH('H\X\F6he',$,$,0.4019,$);
#1741=IFCQUANTITYLENGTH('H\X\F6henangabe zum Projekt-Nullpunkt',$,$,1.4019,$);
#1742=IFCQUANTITYLENGTH('H\X\F6he zu 1. Referenzh\X\F6he',$,$,1.4019,$);
#1740=IFCQUANTITYVOLUME('Volumen (netto)',$,$,1.6076,$);
#1744=IFCQUANTITYLENGTH('H\X\F6he zu Meeresh\X\F6he',$,$,1.4019,$);
#1743=IFCQUANTITYLENGTH('H\X\F6he zu 2. Referenzh\X\F6he',$,$,1.4019,$);
#1748=IFCQUANTITYLENGTH('Dicke',$,$,0.4019,$);
#1746=IFCQUANTITYLENGTH('Abstand zu Ursprungsgeschoss',$,$,1.4019,$);
#1745=IFCQUANTITYLENGTH('H\X\F6he zu verkn\X\FCpftem/Ursprungsgeschoss',$,$,1.4019,$);
#1749=IFCQUANTITYVOLUME('Volumen (konditional)',$,$,1.6076,$);
#1750=IFCQUANTITYVOLUME('Volumen (brutto)',$,$,1.6076,$);
#1747=IFCQUANTITYAREA('Oberfl\X\E4chenbereich',$,$,4.000000000000002,$);
#1751=IFCQUANTITYLENGTH('Grundriss-Umfang',$,$,8.000000000000002,$);
#1752=IFCQUANTITYLENGTH('Grundriss-Durchbruch Umfang',$,$,0.,$);
#1754=IFCPROPERTYSINGLEVALUE('\X\DCberobjekt-ID',$,IFCLABEL('Floor:DeckenInstanz:316140'),$);
#1753=IFCPROPERTYSINGLEVALUE('Struktur-Typ',$,IFCLABEL('Mehrschicht'),$);
#1757=IFCPROPERTYSINGLEVALUE('Hotlink Master-ID',$,IFCLABEL(''),$);
#1755=IFCPROPERTYSINGLEVALUE('Baustoffe (Alle)',$,IFCLABEL('Grau Default; Grau Default; Gelb Mineralwolle; Braun Holzwerkstoffe; Braun Holz; Grau Default; Grau Blech/Abh\X\E4ngung; Grau Gipsplatten'),$);
#1771=IFCPROPERTYSINGLEVALUE('Varianten Name',$,IFCLABEL('Hauptmodell'),$);
#1769=IFCQUANTITYLENGTH('Unterkante zu erster Referenzh\X\F6he',$,$,1.,$);
#1768=IFCQUANTITYLENGTH('Oberkante zu zweiter Referenzh\X\F6he',$,$,1.4019,$);
#1770=IFCQUANTITYLENGTH('Unterkante zu Ursprungsgeschoss',$,$,1.,$);
#1773=IFCPROPERTYSINGLEVALUE('Tragende Funktion',$,IFCLABEL('Nicht tragende Elemente'),$);
#1774=IFCPROPERTYSINGLEVALUE('Lage',$,IFCLABEL('Innen'),$);
#1767=IFCQUANTITYLENGTH('Oberkante zu Meeresspiegel',$,$,1.4019,$);
#1766=IFCQUANTITYLENGTH('Oberkante zu Projektursprung',$,$,1.4019,$);
#1775=IFCPROPERTYSINGLEVALUE('Umbau-Status',$,IFCLABEL('Bestand'),$);
#1772=IFCPROPERTYSINGLEVALUE('Varianten-Set Name',$,IFCLABEL('Hauptmodell'),$);
#1764=IFCQUANTITYLENGTH('Oberkante zu erster Referenzh\X\F6he',$,$,1.4019,$);
#1765=IFCQUANTITYLENGTH('Oberkante zu Ursprungsgeschoss',$,$,1.4019,$);
#1763=IFCPROPERTYSINGLEVALUE('Oberfl\X\E4che unten',$,IFCLABEL('Grau Gipsplatten'),$);
#1762=IFCPROPERTYSINGLEVALUE('Oberfl\X\E4che Kante',$,IFCLABEL('Grau Gipsplatten'),$);
#1759=IFCPROPERTYSINGLEVALUE('ID der verbundenen \X\D6ffnungen',$,IFCLABEL(''),$);
#1778=IFCPROPERTYSINGLEVALUE('Varianten-Set',$,IFCLABEL('Hauptmodell'),$);
#1761=IFCPROPERTYSINGLEVALUE('Oberfl\X\E4che oben',$,IFCLABEL('Grau Gipsplatten'),$);
#1760=IFCPROPERTYSINGLEVALUE('Anzahl der \X\D6ffnungen',$,IFCINTEGER(0),$);
#1756=IFCPROPERTYSINGLEVALUE('Oberfl\X\E4che (Alle)',$,IFCLABEL('Grau Gipsplatten'),$);
#1758=IFCPROPERTYSINGLEVALUE('Deckschraffur',$,IFCLABEL('Misch-Schraffur 25 %'),$);
#1779=IFCQUANTITYLENGTH('Unterkante zu Projektursprung',$,$,1.,$);
#1777=IFCPROPERTYSINGLEVALUE('Varianten-Status',$,IFCLABEL('Hauptmodell'),$);
#1776=IFCPROPERTYSINGLEVALUE('Anzeigen auf Umbau-Filter',$,IFCLABEL('Alle relevanten Filter'),$);
#1782=IFCQUANTITYAREA('Oberfl\X\E4chenbereich oben (netto)',$,$,4.000000000000002,$);
#1780=IFCQUANTITYLENGTH('Unterkante zu Meeresh\X\F6he',$,$,1.,$);
#1783=IFCQUANTITYAREA('Oberfl\X\E4chenbereich  oben (konditional)',$,$,4.000000000000002,$);
#1784=IFCQUANTITYAREA('Kanten-Oberfl\X\E4chenbereich (netto)',$,$,3.2152,$);
#1781=IFCQUANTITYLENGTH('Unterkante zu zweiter Referenzh\X\F6he',$,$,1.,$);
#1785=IFCQUANTITYAREA('Oberfl\X\E4chenbereich unten (netto)',$,$,4.000000000000002,$);
#1786=IFCQUANTITYAREA('Oberfl\X\E4chenbereich unten (konditional)',$,$,4.000000000000002,$);
#1787=IFCQUANTITYAREA('Unterer Fl\X\E4chenbereich (Brutto)',$,$,4.000000000000002,$);
#1789=IFCQUANTITYAREA('Oberer Fl\X\E4chenbereich (Brutto)',$,$,4.000000000000002,$);
#1791=IFCQUANTITYAREA('NetArea',$,$,4.000000000000002,$);
#1788=IFCQUANTITYAREA('Kantenfl\X\E4chenbereich (Brutto)',$,$,3.2152,$);
#1790=IFCQUANTITYAREA('GrossArea',$,$,4.000000000000002,$);
#1792=IFCQUANTITYVOLUME('GrossVolume',$,$,1.6076,$);
#1793=IFCQUANTITYVOLUME('NetVolume',$,$,1.6076,$);
ENDSEC;
END-ISO-10303-21;
